id,first_name,last_name,email,school,date_of_birth
1,Elenore,Brasner,ebrasner0@exblog.jp,University of Haifa,4/16/2002
2,Charley,Lothlorien,clothlorien1@stumbleupon.com,Jatiya Kabi Kazi Nazrul Islam University,9/9/2010
3,Nelle,Kellick,nkellick2@lulu.com,University of Management and Technology,12/22/2020
4,Inesita,Urry,iurry3@sphinn.com,Balkh University,6/17/2015
5,Tove,Rodda,trodda4@odnoklassniki.ru,Kanazawa University,3/6/2020
6,Arline,Zealy,azealy5@omniture.com,University of Central Arkansas,12/24/2014
7,Emmye,O'Bradden,eobradden6@nifty.com,Ibn Sina University,2/6/2006
8,Gisele,Rugiero,grugiero7@washington.edu,Peru State College,3/4/2004
9,Valentijn,Mongin,vmongin8@skype.com,Technical University of Budapest,8/16/2017
10,Francois,Stribling,fstribling9@scribd.com,Free University Amsterdam,10/11/2001
11,Josee,Conkling,jconklinga@admin.ch,Universitas Klabat,1/4/2016
12,Laina,Conyers,lconyersb@nytimes.com,"COMSATS Institute of Information Technology, Attock",5/18/2000
13,Jacynth,Berger,jbergerc@mysql.com,Trinity College of Florida,3/10/2013
14,Jobina,Blodg,jblodgd@4shared.com,Chapman University,8/22/2005
15,Nona,Goodisson,ngoodissone@phoca.cz,Niigata Sangyo University,7/31/2005
16,Catherin,Resun,cresunf@tiny.cc,Iran University of Science and Technology Tehran,9/18/2001
17,Monti,Gringley,mgringleyg@paginegialle.it,ICT College,10/20/2009
18,Ariella,Churn,achurnh@behance.net,Ecole National d'Agriculture de Meknes,9/7/2019
19,Francine,Voelker,fvoelkeri@whitehouse.gov,Asian University of Science and Technology,2/12/2001
20,Chico,Geere,cgeerej@princeton.edu,Pennsylvania State University at Harrisburg - The Capital College,10/22/2012
21,Auguste,Piken,apikenk@sbwire.com,"Universidad ""Juan Agustín Maza""",12/5/2016
22,Joline,Fargher,jfargherl@diigo.com,Fachhochschule Koblenz,11/1/2020
23,Iseabal,Schafer,ischaferm@icq.com,University of Health and Science,9/13/2007
24,Megen,Salthouse,msalthousen@yale.edu,Polish-Japanese Institute of Information Technology in Warsaw,1/2/2007
25,Donall,Ubsdell,dubsdello@wp.com,Hyogo College of Medicine,10/27/2008
26,Ches,Yurkin,cyurkinp@nationalgeographic.com,Kameshwar Singh Darbhanga Sanskrit University,8/20/2020
27,Warde,Chell,wchellq@tripadvisor.com,University of Kota,10/25/2020
28,Hersh,Freeburn,hfreeburnr@nature.com,Eastern Mennonite University,11/4/2004
29,Merci,Tompion,mtompions@auda.org.au,Universidad Nacional de Santiago del Estero,12/15/2009
30,Tyson,Lowne,tlownet@livejournal.com,University of Agriculture Makurdi,12/8/2009
31,Merwyn,Attrey,mattreyu@whitehouse.gov,Santa Clara University,3/12/2002
32,Rubetta,Althrop,ralthropv@domainmarket.com,Universidad Maimónides,12/24/2018
33,Jasper,Shevlin,jshevlinw@tripadvisor.com,Technical University of Cluj-Napoca,4/11/2009
34,Vito,Pulley,vpulleyx@plala.or.jp,Jacobs University Bremen,2/18/2002
35,Effie,Chaunce,echauncey@uol.com.br,Kenyatta University,6/2/2016
36,Cass,Sinott,csinottz@fotki.com,Tata Institute of Social Sciences,10/13/2013
37,Muffin,Pordall,mpordall10@intel.com,Universidade Vale do Paraiba,1/21/2013
38,Waneta,Ayto,wayto11@myspace.com,Suwon Catholic University,9/10/2018
39,Malissia,MacAlester,mmacalester12@e-recht24.de,Universitas Narotama,11/28/2017
40,Evangeline,Goodlett,egoodlett13@about.me,Universidad del País Vasco,12/14/2008
41,Engelbert,Geraldini,egeraldini14@vistaprint.com,Huston-Tillotson College,10/23/2011
42,Briana,Kubal,bkubal15@rakuten.co.jp,Pontificia Universidad Católica del Perú,12/10/2016
43,Estelle,Thuillier,ethuillier16@usatoday.com,College in Sládkovičovo,4/23/2000
44,Clarinda,Donet,cdonet17@google.nl,Spertus Institute of Jewish Studies,7/3/2013
45,Norma,Hannah,nhannah18@tuttocitta.it,Sanyo Gakuen University,3/27/2006
46,Nonna,Hofer,nhofer19@mlb.com,"Universidad de Puerto Rico, Carolina",11/6/2019
47,Finley,Tinman,ftinman1a@cyberchimps.com,Conservatoire National des Arts et Métiers,2/14/2015
48,Florette,Raff,fraff1b@amazon.co.jp,Ecole Nationale d'Ingénieurs des Techniques des Industries Agricoles et Alimentaires,11/20/2008
49,Yardley,Byrnes,ybyrnes1c@hibu.com,Belgorod State Technical University,6/26/2011
50,Cherry,Mea,cmea1d@mlb.com,Delaware Valley College,10/29/2010
51,Bentlee,Pauncefort,bpauncefort1e@i2i.jp,Universitas Negeri Medan,6/1/2009
52,Hadrian,Lindl,hlindl1f@newyorker.com,University of Bristol,9/9/2007
53,Beverlee,Barnish,bbarnish1g@sphinn.com,Fachhochschule Schmalkalden,4/14/2002
54,Nyssa,Gettone,ngettone1h@cmu.edu,Pacific Union College,7/5/2020
55,Dennis,Silvester,dsilvester1i@who.int,Universidad Juárez Autónoma de Tabasco,9/10/2020
56,Siward,Mattevi,smattevi1j@oaic.gov.au,University of Alaska (System),12/17/2014
57,Georg,Freegard,gfreegard1k@youku.com,Pontificio Istituto Orientale,6/26/2020
58,Lorelle,Paolo,lpaolo1l@yellowbook.com,Sinte Gleska University,5/28/2002
59,Daniela,Aldgate,daldgate1m@stanford.edu,Kokushikan University,4/25/2010
60,Darice,Keuneke,dkeuneke1n@utexas.edu,National College of Ireland,4/28/2001
61,Garv,Pershouse,gpershouse1o@unesco.org,Southwest Missouri State University,2/8/2016
62,Shepard,Zanettini,szanettini1p@ovh.net,University of Illinois at Urbana-Champaign,11/16/2015
63,Rube,Trounce,rtrounce1q@hubpages.com,University of Massachusetts (System),12/19/2000
64,Teresita,Barter,tbarter1r@quantcast.com,University of Bergen,11/19/2006
65,Judy,Maber,jmaber1s@infoseek.co.jp,Universidad NUR,7/9/2013
66,Krissie,Infante,kinfante1t@youku.com,Hyrcania Institute of Higher Education,6/29/2012
67,Elva,Grammer,egrammer1u@rediff.com,Universitas Islam Sumatera Utara,7/3/2004
68,Davide,Lotterington,dlotterington1v@amazon.co.jp,Engineering College of Copenhagen,6/1/2016
69,Adams,Chicken,achicken1w@prlog.org,Université Libre de Bruxelles,7/21/2006
70,Coretta,Adair,cadair1x@ihg.com,Notre Dame Women's College,9/1/2016
71,Stewart,Bottby,sbottby1y@adobe.com,Boise Bible College,3/8/2013
72,Brooks,Lune,blune1z@oakley.com,Universidad Autónoma de Bucaramanga,1/19/2001
73,Faythe,McAlpin,fmcalpin20@scientificamerican.com,Faculdade Jaguariúna,4/20/2010
74,Jan,Hacking,jhacking21@nih.gov,Institute for the Economy in Transition,11/10/2008
75,Cross,Gaitskell,cgaitskell22@icio.us,European University at St.Petersburg,10/23/2006
76,Gerick,Whybray,gwhybray23@tiny.cc,Northwestern College St. Paul,9/5/2020
77,Annora,Ratnege,aratnege24@nature.com,Universität Vienna,9/16/2018
78,Brandon,MacGuffie,bmacguffie25@timesonline.co.uk,Université Hassan II - Mohammadia,8/24/2003
79,Nisse,Primrose,nprimrose26@taobao.com,Faculdade Integradas do Ceará,9/3/2013
80,Iseabal,Lightbourn,ilightbourn27@purevolume.com,Technological University of the Philippines,12/24/2004
81,Lanny,Maestro,lmaestro28@wiley.com,Universidad Nacional del Este,8/5/2007
82,Calv,Alldre,calldre29@zimbio.com,University of North Carolina at Charlotte,4/17/2001
83,Jorgan,Lude,jlude2a@cam.ac.uk,Université Abdelmalek Essadi,9/6/2000
84,Melesa,Billyard,mbillyard2b@hexun.com,Aarhus University,5/28/2002
85,Ceciley,Souster,csouster2c@hibu.com,Omsk State University,1/15/2003
86,Addie,Barok,abarok2d@foxnews.com,Faculté Polytechnique de Mons,11/24/2002
87,Christyna,Vertey,cvertey2e@blogspot.com,Saskatchewan Indian Federated College,9/17/2002
88,Nancy,Diego,ndiego2f@twitpic.com,Helsinki School of Economics and Business Administration,8/23/2004
89,Ivy,Hickisson,ihickisson2g@taobao.com,Ecole Nationale Supérieure d'Arts et Métiers de Paris,8/23/2011
90,Emma,Weatherby,eweatherby2h@about.com,Universidad de La Serena,7/31/2020
91,Pietro,Gerber,pgerber2i@ucoz.ru,Yildirim Beyazit University,1/14/2001
92,Frasquito,Folkard,ffolkard2j@simplemachines.org,University of Liberia,4/13/2003
93,Bernette,Canavan,bcanavan2k@comsenz.com,Kahramanmaras Sütcü Imam University,7/24/2010
94,Kathy,Coupland,kcoupland2l@de.vu,Universidad Católica de Cuenca,1/26/2002
95,Jeanne,Pavic,jpavic2m@phpbb.com,Togliatti State University,4/12/2014
96,Sigrid,Vayro,svayro2n@state.gov,Quest University,4/27/2020
97,Robinia,Antley,rantley2o@ameblo.jp,Abubakar Tafawa Balewa University,4/20/2004
98,Meggie,Imlacke,mimlacke2p@pagesperso-orange.fr,Katholisch-Theologische Privatuniversität Linz,8/26/2015
99,Timothy,Keelan,tkeelan2q@statcounter.com,Université des Sciences et Technologies de Lille (Lille I),6/21/2002
100,Ethan,Bruckner,ebruckner2r@parallels.com,Utica College,7/14/2011
101,Tybalt,Budgett,tbudgett2s@cdbaby.com,Université Alioune Diop de Bambey,6/22/2002
102,Bevin,Magnay,bmagnay2t@shutterfly.com,Hakuoh University,5/31/2011
103,Marijn,Bernardt,mbernardt2u@pcworld.com,Universidad Privada Los Andes,5/25/2006
104,Erasmus,Waplington,ewaplington2v@techcrunch.com,Sapporo Medical University,5/24/2015
105,Bree,Balthasar,bbalthasar2w@google.de,Pfeiffer University,8/8/2008
106,Hubie,Vanyatin,hvanyatin2x@reference.com,Bangladesh University of Textiles,11/28/2003
107,Ailene,Troake,atroake2y@blog.com,East Kazakstan State Technical University,2/17/2013
108,Quinn,Chene,qchene2z@comcast.net,Nizhny Novgorod State Architectural - Building University,1/23/2001
109,Rogerio,Pashan,rpashan30@jugem.jp,Wingate University,3/26/2015
110,Natasha,Mercey,nmercey31@infoseek.co.jp,Bucknell University,9/16/2003
111,Rhodia,Gagin,rgagin32@hostgator.com,Agriculture and Forestry University,2/3/2011
112,Gabi,Lipson,glipson33@house.gov,"University of Perpetual Help, System Dalta",3/12/2010
113,Dallas,Tefft,dtefft34@ihg.com,Hannibal-Lagrange College,4/19/2018
114,Albertina,Haughan,ahaughan35@census.gov,Universidad de Jaén,12/12/2008
115,Jedd,Poveleye,jpoveleye36@biblegateway.com,Universitas Negeri Makassar,8/30/2008
116,Curtice,Osan,cosan37@baidu.com,European University Portugal,9/25/2009
117,Amalita,O'Glessane,aoglessane38@berkeley.edu,Australian Catholic University,9/27/2010
118,Doris,St Quenin,dstquenin39@shutterfly.com,Schiller International University,5/8/2008
119,Danie,Woolis,dwoolis3a@java.com,Adnan Menderes University,10/14/2005
120,Chandal,Daingerfield,cdaingerfield3b@digg.com,Rajitlal Institute of Technology & Health Sciences (RITHS),9/4/2011
121,Brittany,Murrey,bmurrey3c@cnn.com,Uppsala University,9/22/2019
122,Derril,Vanyushkin,dvanyushkin3d@yahoo.co.jp,University of Medicine and Pharmacy of Bucharest,11/1/2014
123,Ricky,Rogier,rrogier3e@icq.com,American University of Beirut,4/4/2008
124,Val,Durman,vdurman3f@t.co,Ecole Centrale de Lyon,1/21/2011
125,Fitzgerald,Beri,fberi3g@columbia.edu,East China University of Science and Technology,8/26/2014
126,Aaren,Plaide,aplaide3h@biblegateway.com,The Federal Polytechnic Offa,2/13/2009
127,Trude,Beningfield,tbeningfield3i@cbsnews.com,Université Catholique de Lille,8/27/2019
128,Lori,Twomey,ltwomey3j@mit.edu,Quantum-Veritas International University,12/5/2012
129,Hattie,Berrisford,hberrisford3k@unc.edu,Sanjay Gandhi Postgraduate lnstitute of Medical Sciences,12/24/2007
130,Tiphani,Clemo,tclemo3l@google.com.br,"Institute of Teachers Education, Raja Melewar",4/6/2017
131,Harlen,Skews,hskews3m@cloudflare.com,Webster University Geneva,4/1/2013
132,Robb,Taffrey,rtaffrey3n@discuz.net,"Institute of Teachers Education, Sarawak",1/26/2003
133,Devin,Kiledal,dkiledal3o@marriott.com,Veer Kunwar Singh University,9/6/2007
134,Tucker,Barday,tbarday3p@answers.com,Universitas Cenderawasih,4/21/2020
135,Hagan,Annand,hannand3q@businesswire.com,Shandong University of Technology,8/6/2010
136,Cherish,Staton,cstaton3r@census.gov,International Higher School for Advanced Studies Trieste,7/1/2001
137,Lorelle,Valenti,lvalenti3s@webmd.com,St. Petersburg State Pediatric Medical Academy,1/28/2004
138,Judon,Banbrigge,jbanbrigge3t@goo.ne.jp,Gulf Medical University,2/18/2016
139,Manya,Valde,mvalde3u@altervista.org,Bangladesh Agricultural University,1/29/2015
140,Della,McGavigan,dmcgavigan3v@accuweather.com,Wuhan Automobile Polytechnical University,12/18/2005
141,Brandyn,Copestake,bcopestake3w@mashable.com,Al-Aqsa University,1/6/2020
142,Elane,Chastenet,echastenet3x@princeton.edu,Imperial College School of Medicine,4/8/2001
143,Brad,Hulstrom,bhulstrom3y@amazon.co.jp,Matsusaka University,11/29/2007
144,Marji,McVitty,mmcvitty3z@howstuffworks.com,Kure University,8/2/2001
145,Ives,Collister,icollister40@bing.com,Université des Antilles et de la Guyane,6/19/2019
146,Karry,Showte,kshowte41@zimbio.com,Uniformed Services Universty of the Health Sciences,5/4/2009
147,Caryn,Hamblington,chamblington42@php.net,Tribhuvan University Kathmandu,5/5/2001
148,Leontyne,Willshee,lwillshee43@myspace.com,Universidad Pedagógica de El Salvador,5/12/2008
149,Sascha,Tull,stull44@de.vu,Odessa National Marine University,4/23/2008
150,Anabelle,Siuda,asiuda45@opensource.org,Universität Liechtenstein,8/30/2000
151,Patten,Plaunch,pplaunch46@technorati.com,Ecole Superieur d'Ingenieurs Leonard de Vinci,10/7/2020
152,Marisa,Giacobo,mgiacobo47@w3.org,"University of Roma ""La Sapienza""",11/30/2011
153,Abba,Durling,adurling48@bbb.org,Sarah Lawrence College,6/10/2000
154,Kermit,Thunderman,kthunderman49@youtube.com,Vitebsk State Medical University,7/2/2012
155,Theo,Bullivent,tbullivent4a@google.it,Hakuoh University,11/8/2002
156,Linnet,Proffer,lproffer4b@toplist.cz,Korea Maritime University,3/4/2000
157,Uriel,Heather,uheather4c@sun.com,Addis Ababa University,4/8/2010
158,Micky,Glenn,mglenn4d@squidoo.com,Universidad de Concepción del Uruguay,6/8/2002
159,Eldin,Sonley,esonley4e@cbsnews.com,"Saint George's Hospital Medical School, University of London",9/7/2007
160,Ranique,Emnoney,remnoney4f@51.la,Universidad Tecnológica Equinoccial,11/11/2007
161,Kaye,Parsand,kparsand4g@issuu.com,Nagasaki Prefectural University,8/25/2016
162,Carey,Yankin,cyankin4h@livejournal.com,Al Khawarizmi International College,9/14/2013
163,Rivy,Dudin,rdudin4i@amazon.co.uk,Ecole Nationale Supérieur de Géologie de Nancy,4/16/2012
164,Lem,Blesing,lblesing4j@nhs.uk,Higashi Nippon International University,7/16/2009
165,Finley,McCome,fmccome4k@dailymotion.com,Technical University of Szczecin,1/15/2018
166,Garvey,Moors,gmoors4l@msn.com,Babol Noshirvani University of Technology,5/9/2012
167,Raffaello,Allinson,rallinson4m@clickbank.net,Universidad Veritas,2/19/2008
168,Nannie,Doncom,ndoncom4n@qq.com,International Islamic College of Penang,7/6/2018
169,Regan,MacDaid,rmacdaid4o@dot.gov,International Business School of Scandinavia,3/1/2016
170,Kellyann,Zecchetti,kzecchetti4p@lulu.com,"Academy of International Economic and Political Relations, Gdynia",8/19/2015
171,Ettore,Aguilar,eaguilar4q@myspace.com,"Arkansas State University, Beebe",7/26/2001
172,Terrel,Manzell,tmanzell4r@bloomberg.com,South Texas College of Law,1/12/2019
173,Yolanda,Peploe,ypeploe4s@webmd.com,Ecole Supérieure d'Informatique-Electronique-Automatique,12/8/2005
174,Evyn,Ongin,eongin4t@hao123.com,Ohio University - Zanesville,12/8/2004
175,Lottie,Philipet,lphilipet4u@discuz.net,Shanmugha Arts Science Technology and Research Academy,10/29/2020
176,Trudey,Husby,thusby4v@skype.com,Nanchang University,6/18/2019
177,Grace,Batt,gbatt4w@answers.com,Chongqing Medical University,2/23/2009
178,Allyson,Michieli,amichieli4x@merriam-webster.com,Pusan National University of Education,12/10/2011
179,Tristan,Dalston,tdalston4y@paypal.com,Aarhus Technical College,1/15/2012
180,Anselma,Craik,acraik4z@reverbnation.com,Lithunian University of Agriculture,1/26/2010
181,Jaquenette,Pawley,jpawley50@disqus.com,"St.James's School of Medicine, Bonaire",10/4/2014
182,Rubetta,Girardeau,rgirardeau51@omniture.com,Harbin University of Science and Technology,8/27/2001
183,Piper,Folds,pfolds52@newyorker.com,Mimasaka Women's College,8/6/2000
184,Jackie,Forber,jforber53@seesaa.net,Harbin Normal University,8/24/2015
185,Carmel,Gottschalk,cgottschalk54@tinyurl.com,University of Northern Colorado,7/23/2008
186,Titus,Boyne,tboyne55@wp.com,Foundation University,2/20/2003
187,Jourdan,Prickett,jprickett56@bloglovin.com,Guangdong Peizheng College ,9/9/2020
188,Hamlen,Ailward,hailward57@so-net.ne.jp,University of Wamia and Masuria in Olsztyn,5/2/2004
189,Melony,Grieves,mgrieves58@360.cn,Izmir Institute of Technology,8/13/2002
190,Claudell,Willder,cwillder59@state.gov,Hiroshima University,8/4/2000
191,Rourke,Sidney,rsidney5a@sitemeter.com,University of Puget Sound,4/15/2008
192,Upton,Spering,uspering5b@fema.gov,Universite Amadou Hampaté Ba,5/26/2008
193,Neille,Fattori,nfattori5c@symantec.com,Konkuk University,4/22/2011
194,Vonni,Payfoot,vpayfoot5d@tripod.com,Mid-American Bible College,12/5/2003
195,Maribelle,Bartoshevich,mbartoshevich5e@whitehouse.gov,Universidad Católica Anselmo Llorente,5/24/2009
196,Jeannine,Tebald,jtebald5f@pcworld.com,Shuchiin College,9/3/2015
197,Trip,Clemon,tclemon5g@de.vu,Wingate University,6/5/2004
198,Maris,Studdert,mstuddert5h@eventbrite.com,Smolensk Humanitarian University,5/14/2013
199,Tomasine,Bonwick,tbonwick5i@nyu.edu,Université Henri Poincaré (Nancy I),6/30/2006
200,Wilmette,Maben,wmaben5j@paypal.com,Southeast University,9/27/2016
201,Farrell,Sills,fsills5k@sciencedaily.com,Fachhochschule Salzburg,4/23/2014
202,Sunny,Malcher,smalcher5l@woothemes.com,Universidad Técnica de Oruro,4/7/2010
203,Roz,Heinish,rheinish5m@narod.ru,Beijing Union University,8/18/2011
204,Pepi,Siege,psiege5n@toplist.cz,London College of Science & Technology,2/9/2001
205,Darcy,Delacote,ddelacote5o@blogs.com,Hacettepe University,4/10/2007
206,Otis,Swancock,oswancock5p@shutterfly.com,Free University of Bozen,12/27/2020
207,Geno,Murtell,gmurtell5q@cmu.edu,Berean University of the Assemblies of God,11/23/2018
208,Debor,Got,dgot5r@jalbum.net,Simon's Rock College,11/29/2014
209,Ryan,Allom,rallom5s@telegraph.co.uk,Oregon Institute of Technology,8/27/2003
210,Lilith,Bernini,lbernini5t@usgs.gov,St. Joseph's College,3/6/2012
211,Kirby,Le Noury,klenoury5u@youtube.com,CCS Haryana Agricultural University,8/22/2013
212,Feodora,Birrell,fbirrell5v@skype.com,Allianze College of Medical Sciences (ACMS),10/21/2013
213,Mira,Lardge,mlardge5w@google.com.hk,Murdoch University,3/7/2013
214,Neala,Cotterell,ncotterell5x@scientificamerican.com,Chinese People's Public Security University,8/18/2017
215,Danielle,Florio,dflorio5y@sitemeter.com,Accra Polytechnic ,6/5/2011
216,Minni,Robez,mrobez5z@buzzfeed.com,Yan'an University,7/20/2017
217,Doralyn,Rowlatt,drowlatt60@exblog.jp,Pohang University of Science and Technology,6/16/2004
218,Schuyler,Presidey,spresidey61@woothemes.com,Ryutsu Keizai University,5/28/2014
219,Gerta,MacSkeaghan,gmacskeaghan62@weibo.com,"University of New Brunswick, Saint John",10/26/2017
220,Isidora,Cossins,icossins63@examiner.com,Belarussian State University of Informatics and Radioelectronics,9/25/2014
221,Grantley,Farrah,gfarrah64@si.edu,Ohio University - Lancaster,3/22/2013
222,Ransell,Mebius,rmebius65@github.io,Spring Arbor College,4/22/2007
223,Albertine,Kubis,akubis66@linkedin.com,Colegio de Estudios Superiores de Administración (CESA),4/20/2001
224,Jane,Broose,jbroose67@google.ru,University of Negros Occidental-Recoletos,5/13/2014
225,Isaiah,Wey,iwey68@miibeian.gov.cn,National University of Internal Affairs,12/28/2000
226,Delaney,Izatson,dizatson69@bing.com,University of Maiduguri,4/13/2011
227,Nikos,King,nking6a@wsj.com,Sapporo Gakuin University,6/22/2013
228,Brande,Hansman,bhansman6b@t-online.de,Fine Arts Academy in Warsaw,12/22/2010
229,Israel,Nassi,inassi6c@google.ca,Muhlenberg College,11/21/2000
230,Rolland,MacGhee,rmacghee6d@squidoo.com,Thiruvalluvar University,9/13/2014
231,Othello,Caple,ocaple6e@shop-pro.jp,College of St. Benedict and St. John's University,8/10/2017
232,Reider,Bubb,rbubb6f@technorati.com,Brock University,9/20/2007
233,Bonny,Bilt,bbilt6g@xrea.com,Hood College,9/29/2005
234,Tyrus,Relph,trelph6h@ucoz.ru,Universidad Autónoma de Santa Ana,1/10/2018
235,Amalea,McShirie,amcshirie6i@symantec.com,Jichi Medical School,5/9/2014
236,Leann,Evequot,levequot6j@google.it,University of Aden,8/24/2018
237,Byram,Doore,bdoore6k@theglobeandmail.com,George Wythe College,11/14/2006
238,Lexine,Beldom,lbeldom6l@dyndns.org,Babol University of Medical Sciences,10/31/2015
239,Rolando,Smethurst,rsmethurst6m@hhs.gov,University of Nevada - Las Vegas,5/31/2008
240,Dolly,Kiehne,dkiehne6n@craigslist.org,Moscow University Touro,12/2/2000
241,Pace,Lantaph,plantaph6o@delicious.com,San Diego State University,1/19/2016
242,Eveline,Daud,edaud6p@cocolog-nifty.com,Fachhochschule Erfurt,2/18/2004
243,Cornelle,Kilrow,ckilrow6q@shutterfly.com,Ritsumeikan University,7/24/2018
244,Mylo,Strother,mstrother6r@yellowbook.com,Technische Fachhochschule Berlin,12/9/2013
245,Lebbie,Dawby,ldawby6s@si.edu,Virginia International University,6/9/2013
246,Haywood,Alexis,halexis6t@loc.gov,Universität Köln,12/24/2019
247,Lucho,Trammel,ltrammel6u@china.com.cn,Universidade Estadual de Santa Cruz,10/5/2009
248,Ezekiel,Ragles,eragles6v@salon.com,University of Burdwan,4/23/2013
249,Mariette,MacCafferty,mmaccafferty6w@smh.com.au,University of East Srarajevo,6/4/2009
250,Bryant,McLarty,bmclarty6x@symantec.com,Mongolian State University of Arts and Culture,7/2/2017
251,Natalya,Cornill,ncornill6y@wisc.edu,Universidade Salvador,9/21/2013
252,Frederigo,Cutforth,fcutforth6z@jimdo.com,Technical University of Warsaw,4/21/2001
253,Rafael,Gianninotti,rgianninotti70@wikimedia.org,Carroll College Helena,7/25/2018
254,Faber,Polglaze,fpolglaze71@parallels.com,Notre Dame University,11/12/2010
255,Elyn,Pendre,ependre72@surveymonkey.com,Capital University,9/29/2009
256,Bond,McGauhy,bmcgauhy73@histats.com,Pontificio Ateneo Antonianum,2/5/2002
257,Golda,Over,gover74@bing.com,Hitec University,12/24/2012
258,Kelby,Swindles,kswindles75@clickbank.net,Oregon Health Sciences University,5/17/2000
259,Bartholomew,Gathercoal,bgathercoal76@msn.com,Université de Yaoundé I,8/19/2014
260,Greer,Henrys,ghenrys77@boston.com,Hawler Medical University,1/20/2002
261,Lurline,Blinckhorne,lblinckhorne78@ebay.com,Harbin Normal University,6/11/2013
262,Ronald,De Stoop,rdestoop79@digg.com,American University of Middle East,8/24/2002
263,Dulcinea,Eykel,deykel7a@ox.ac.uk,Université de Bretagne Occidentale,3/25/2018
264,Jewell,Wigfall,jwigfall7b@ft.com,Universidad Federico Henríquez y Carvajal,2/27/2008
265,Aland,Rosenberg,arosenberg7c@webnode.com,Mekelle Institute of Technology,8/16/2005
266,Sela,Kaye,skaye7d@ehow.com,Auburn University,11/18/2011
267,Reece,Cranke,rcranke7e@blogs.com,Tokyo University of Information Sciences,11/16/2017
268,Sib,Duggen,sduggen7f@odnoklassniki.ru,Universitas Widyatama,2/14/2008
269,Peggi,Ulrik,pulrik7g@elpais.com,National University of Samoa,2/10/2002
270,Blanca,Amberg,bamberg7h@mac.com,Université de Corse Pascal Paoli,9/20/2019
271,Janaye,Castel,jcastel7i@about.me,University of Florence,9/27/2005
272,Virginie,Lowes,vlowes7j@mapquest.com,Seattle University,7/27/2011
273,Justin,Van de Vlies,jvandevlies7k@census.gov,Conestoga College,4/16/2005
274,Sonja,Leivers,sleivers7l@newsvine.com,University of Madras,12/26/2004
275,Cathi,Seine,cseine7m@so-net.ne.jp,Mugla University,5/10/2004
276,Alejandra,Ebben,aebben7n@amazon.co.uk,Mayville State University,12/26/2019
277,Shirley,Bowkley,sbowkley7o@blogger.com,Pontificio Ateneo Antonianum,1/22/2019
278,Jemmie,Mulligan,jmulligan7p@prnewswire.com,Károl Gáspár University of the Reformed Church,5/30/2004
279,Galvin,Helling,ghelling7q@jimdo.com,"Islamic Azad University, Shirvan",4/11/2004
280,Petronilla,Rosoni,prosoni7r@deviantart.com,Tokyo Institute of Technology,12/13/2019
281,Fernando,Grief,fgrief7s@blogs.com,Fukuoka University of Education,3/7/2006
282,Leigh,Coveley,lcoveley7t@state.gov,"Universidad ""Arturo Prat""",2/8/2011
283,Linus,Segebrecht,lsegebrecht7u@abc.net.au,Aljouf University,10/21/2000
284,Saunderson,Dronsfield,sdronsfield7v@cyberchimps.com,Menlo College,5/2/2013
285,Kellen,Doggrell,kdoggrell7w@livejournal.com,Standford Online University,2/15/2001
286,Meredithe,Wallman,mwallman7x@ebay.co.uk,University of the Sunshine Coast,2/28/2017
287,Carleen,Pattle,cpattle7y@ezinearticles.com,Ho Polytechnic ,3/9/2020
288,Mariquilla,Jurek,mjurek7z@etsy.com,Azusa Pacific University,12/14/2018
289,Florri,Lynthal,flynthal80@seattletimes.com,Harbin Medical University,3/8/2009
290,Esra,Morpeth,emorpeth81@usa.gov,Warnborough University,5/25/2019
291,Tristam,Fortun,tfortun82@yolasite.com,Henan Univeristy,12/9/2007
292,Evangelina,Feye,efeye83@slate.com,Universitas Merdeka Madiun,10/16/2002
293,Katleen,Twycross,ktwycross84@zimbio.com,Universidad de Valencia,10/3/2001
294,Krista,Maseyk,kmaseyk85@photobucket.com,Fachhochschule Salzburg,4/5/2005
295,Janene,Fisk,jfisk86@skype.com,Universidad del Cauca,9/27/2018
296,Cecilius,Mandifield,cmandifield87@house.gov,Nalanda Open University,1/6/2011
297,Egor,Ledstone,eledstone88@cdbaby.com,"Institute of Architecture ""Ion Mincu"" Bucharest",12/21/2002
298,Sigismundo,Kaplan,skaplan89@ycombinator.com,Perm State Pharmaceutical Academy,3/25/2011
299,Pierce,Lottrington,plottrington8a@phoca.cz,Universitas Airlangga,3/2/2011
300,Sullivan,Menzies,smenzies8b@prlog.org,Università Bocconi,10/11/2019
301,Jodie,Herrieven,jherrieven8c@seattletimes.com,Cumberland University,1/30/2003
302,Clayton,Dysart,cdysart8d@ow.ly,Waynesburg College,9/11/2005
303,Laryssa,Wrintmore,lwrintmore8e@hexun.com,University of Modena,12/29/2004
304,Heath,MacCallion,hmaccallion8f@tinyurl.com,University of Maryland University College,11/12/2001
305,Renee,MacGettigen,rmacgettigen8g@creativecommons.org,Tottori University,5/28/2012
306,Sandi,Meechan,smeechan8h@is.gd,Indian Board of Alternative Medicine,6/5/2010
307,Monty,Laidel,mlaidel8i@pcworld.com,Universidad Juárez del Estado de Durango,9/2/2009
308,Wanda,Denning,wdenning8j@hostgator.com,Aichi University,11/22/2000
309,Felike,Paolozzi,fpaolozzi8k@mail.ru,University of Kabianga,11/26/2012
310,Lisbeth,Eslemont,leslemont8l@wikipedia.org,Russian State Medical University,12/15/2009
311,Martie,Rotherforth,mrotherforth8m@yelp.com,Dowling College,7/1/2003
312,Barrett,Esselen,besselen8n@google.ru,Jazan University,10/13/2008
313,Bridget,Shoobridge,bshoobridge8o@spotify.com,Dutch Delta University,2/20/2012
314,Horatia,Schreiner,hschreiner8p@yandex.ru,Sumy National Agrarian University,2/27/2004
315,Maurizia,Twyning,mtwyning8q@scribd.com,Fachhochschulstudiengänge Steyr,6/9/2009
316,Missy,Franc,mfranc8r@diigo.com,Birzeit University,10/26/2002
317,Rudy,Ridel,rridel8s@tumblr.com,Rheinisch Westfälische Technische Hochschule Aachen,8/30/2007
318,Elvin,Gianulli,egianulli8t@vistaprint.com,Miyagi Gakuin Women's College,5/20/2018
319,Kettie,Ferrai,kferrai8u@boston.com,Universidad Metropolitana Latin Campus,1/28/2003
320,Arleta,Marten,amarten8v@soundcloud.com,Kassala University,11/14/2006
321,Perri,Porter,pporter8w@addtoany.com,"Institute of Latin American Studies, University of London",8/18/2015
322,Clarine,Beckitt,cbeckitt8x@cbsnews.com,Universidad Iberoamericana,5/3/2006
323,Carlin,Volant,cvolant8y@narod.ru,Eastern Mediterranean University,2/20/2014
324,Devlen,Richard,drichard8z@cbslocal.com,Bournemouth University,2/26/2012
325,Sanders,McCadden,smccadden90@mapy.cz,University of Science & Technology Bannu,10/4/2013
326,Logan,Cristofalo,lcristofalo91@t-online.de,New Jersey City University,5/18/2014
327,Glynn,Godon,ggodon92@unesco.org,Harbin Normal University,10/24/2017
328,Bernadine,Syfax,bsyfax93@vimeo.com,Technikum Wien,5/31/2006
329,Kayla,Antonio,kantonio94@google.ru,"Katholische Fachhochschule Freiburg, Hochschule für Sozialwesen, Religionspädagogik und Pflege",9/8/2015
330,Millard,Rubinowicz,mrubinowicz95@photobucket.com,"Fachhochschule Schwäbisch Gmünd, Hochschule für Gestaltung",10/30/2012
331,Carlos,Royse,croyse96@woothemes.com,New England Institute of Technology,6/20/2020
332,Kathie,Ferrao,kferrao97@nih.gov,National Ilan University,5/31/2001
333,Janifer,Gheorghe,jgheorghe98@disqus.com,University Institute of Naval Studies,3/28/2018
334,Halsey,Capun,hcapun99@histats.com,Hazara University,9/6/2009
335,Padraig,Levett,plevett9a@tmall.com,University College of Skövde,1/16/2009
336,Sharon,Riddeough,sriddeough9b@google.cn,University of Ulster,3/16/2009
337,Diann,Saines,dsaines9c@ed.gov,Jimma University,3/30/2010
338,Cecile,Gonsalvez,cgonsalvez9d@virginia.edu,John Paul the Great Catholic University,12/7/2019
339,Panchito,Burfitt,pburfitt9e@adobe.com,Moscow State University of Civil Engineering,9/1/2000
340,Sheree,Byforth,sbyforth9f@clickbank.net,Northrise University,9/9/2002
341,Bobbie,Duly,bduly9g@about.me,Butler University,6/12/2011
342,Odey,Doblin,odoblin9h@sun.com,California College for Health Sciences,11/4/2011
343,Joe,Athridge,jathridge9i@nps.gov,National University of Arts,12/27/2003
344,Vi,Tozer,vtozer9j@auda.org.au,Copenhagen Business School,11/28/2012
345,Lil,Spradbery,lspradbery9k@liveinternet.ru,Constantin Brancoveanu University Pitesti,5/2/2014
346,Ceil,Semiraz,csemiraz9l@ehow.com,Hebei University,8/8/2003
347,Zelda,Rainford,zrainford9m@sfgate.com,London Institute of Management and Technology,2/17/2008
348,Hortense,Gillyatt,hgillyatt9n@sphinn.com,Stamford University,2/23/2017
349,Gaylor,Jenno,gjenno9o@berkeley.edu,Hubert Kairuki Memorial University,7/21/2008
350,Wynne,Snadden,wsnadden9p@ebay.com,University College Cork,7/5/2010
351,Penny,Rosso,prosso9q@flavors.me,Fachhochschule St. Pölten,10/13/2007
352,Gerda,Artois,gartois9r@netscape.com,Florida Atlantic University,8/19/2003
353,Hewe,Sclater,hsclater9s@slideshare.net,Novosibirsk State Technical University,6/21/2014
354,Jackquelin,Groucutt,jgroucutt9t@clickbank.net,Université Vincennes Saint-Denis (Paris VIII),12/8/2005
355,Janene,Brixey,jbrixey9u@china.com.cn,Universidad de Granma,10/15/2005
356,Corina,Lincey,clincey9v@bravesites.com,"Islamic Azad University, Shiraz",6/25/2019
357,Maddie,Vittery,mvittery9w@eepurl.com,Technological University (Myeik),9/21/2010
358,Jarrett,Mewton,jmewton9x@amazon.de,University of Forestry Sofia,9/22/2008
359,Leigha,Tuft,ltuft9y@tinyurl.com,Universidad Adventista Dominicana,8/16/2018
360,Roxana,Ackerley,rackerley9z@themeforest.net,Universidad Politecnica de Puerto Rico,1/1/2002
361,Tracie,Creaven,tcreavena0@dell.com,National College of Ireland,1/26/2017
362,Maybelle,Clouter,mcloutera1@yandex.ru,Golestan University of Medical Sciences,7/17/2011
363,Phoebe,Van den Dael,pvandendaela2@java.com,Technological University (Myitkyina) ,1/17/2013
364,Robinson,Comello,rcomelloa3@drupal.org,Fuzhou University,7/12/2002
365,Merline,Phlippsen,mphlippsena4@exblog.jp,Universidad Nacional de la Amazonía Peruana,8/26/2002
366,Dukie,Griffin,dgriffina5@photobucket.com,Brunswick Community College,4/8/2004
367,Linette,Greensitt,lgreensitta6@java.com,College of Nursing and Allied Health Scinces,4/21/2009
368,Rebekkah,Creane,rcreanea7@craigslist.org,Missouri Tech,9/13/2006
369,Karlotte,Coumbe,kcoumbea8@google.fr,Free Will Baptist Bible College,6/4/2004
370,Wenona,Rosling,wroslinga9@amazon.co.uk,Novosibirsk State University,2/25/2012
371,Shem,Romer,sromeraa@4shared.com,Cornell University,3/28/2005
372,Joan,Friar,jfriarab@apache.org,Ohio State University - Lima,11/18/2010
373,Krishna,Geillier,kgeillierac@wix.com,Universidad Privada de Tacna,6/7/2016
374,Teriann,Deerr,tdeerrad@huffingtonpost.com,Ural State Forestry Technical Academy,6/9/2016
375,Carlynne,Chappel,cchappelae@oracle.com,South Asian University,1/9/2017
376,Kristin,Pavett,kpavettaf@flavors.me,Hochschule für Berufstätige Rendsburg,8/21/2018
377,Amalie,Klimpt,aklimptag@indiatimes.com,Western Bible College,8/4/2017
378,Alfy,Caveney,acaveneyah@quantcast.com,Chukyo Women's University,9/20/2004
379,Eydie,Bosche,eboscheai@stanford.edu,Fachhochschule Bielefeld,11/22/2000
380,Dasie,Blasio,dblasioaj@wix.com,Universidad de Montemorelos,7/4/2006
381,Danice,Goodison,dgoodisonak@redcross.org,Université Charles-de-Gaulle (Lille III),2/27/2001
382,Gianni,Maystone,gmaystoneal@list-manage.com,Fachhochschule für die Wirtschaft,1/14/2017
383,Hartwell,Summerhayes,hsummerhayesam@booking.com,United States International University,3/27/2009
384,Marlie,Pleass,mpleassan@state.gov,Gangdara Institute Of Science & Technology,10/1/2002
385,Gerhard,Burcombe,gburcombeao@creativecommons.org,Chiba University of Commerce,11/9/2016
386,Lynna,McManamon,lmcmanamonap@51.la,Pontificia Universidad Católica Madre y Maestra (PUCMM),1/13/2009
387,Danette,Phizacklea,dphizackleaaq@xrea.com,Japan Women's University,12/9/2019
388,Orran,Galfour,ogalfourar@wikispaces.com,Eindhoven University of Technology,10/29/2005
389,Deloris,McKmurrie,dmckmurrieas@smh.com.au,Africa Nazarene University,9/18/2006
390,Eimile,Longworth,elongworthat@cbslocal.com,Universidad del Museo Social Argentino,5/18/2003
391,Quentin,Dungay,qdungayau@1688.com, L.D.College of Engineering,11/30/2008
392,Lucilia,Durdy,ldurdyav@ucsd.edu,Sabzevar School of Medical Sciences,2/4/2014
393,Jack,Mapes,jmapesaw@cbslocal.com,Asia Pacific Institute of Information Technology (APIIT),1/27/2018
394,Bradan,Hatherill,bhatherillax@census.gov,Vitebsk State Technological University,1/31/2001
395,Mathe,Petz,mpetzay@shop-pro.jp,Canakkale (18th March) University,5/11/2014
396,Uriel,Schruyers,uschruyersaz@home.pl,University of Resita,3/31/2019
397,Teddy,Whitsey,twhitseyb0@fastcompany.com,"Bauchi State University, Gadau",11/26/2008
398,Flossy,Brinkworth,fbrinkworthb1@mac.com,Universidad Domingo Savio,1/20/2020
399,Rollo,Warton,rwartonb2@tinypic.com,Hokusei Gakuen University,6/20/2016
400,Scarlett,Gartrell,sgartrellb3@elegantthemes.com,Tongji University,1/4/2012
401,Adrienne,Breedy,abreedyb4@howstuffworks.com,Jobu University,7/2/2014
402,Skipton,Glaze,sglazeb5@hexun.com,Kyungsung University,9/17/2001
403,Glenine,Chattaway,gchattawayb6@cyberchimps.com,University of North West,7/20/2016
404,Shayla,Knottley,sknottleyb7@opera.com,University of Maine (System),8/27/2018
405,Rose,Flack,rflackb8@people.com.cn,Hirosaki University,9/18/2002
406,Gene,Berford,gberfordb9@booking.com,Kuvempu University,3/12/2006
407,Ado,McIlory,amciloryba@pinterest.com,Wadi International University,11/29/2007
408,Ozzie,Rundle,orundlebb@ox.ac.uk,Mahachulalongkorn Buddhist University,9/10/2003
409,Rozanne,Dobbins,rdobbinsbc@census.gov,Universidad de Cuenca,4/28/2015
410,Emmett,Espinosa,eespinosabd@jigsy.com,Osaka University of Pharmaceutical Sciences,3/28/2016
411,Luella,Oger,logerbe@topsy.com,St. Meinrad College,2/25/2008
412,Salomone,Drakeley,sdrakeleybf@wordpress.org,Latvian Academy of Music,10/2/2009
413,Melony,Hubner,mhubnerbg@weather.com,Gulf University College,2/24/2000
414,Giralda,Scotland,gscotlandbh@squarespace.com,University of Applied Science and Technology,2/11/2016
415,Aida,Vlies,avliesbi@dailymail.co.uk,Zagreb School of Economics and Management,6/27/2012
416,Danielle,Uttridge,duttridgebj@unesco.org,Universidade Mackenzie,12/17/2010
417,Robby,Cuberley,rcuberleybk@bigcartel.com,Cape Coast Polytechnic ,10/14/2009
418,Joelynn,Bebbell,jbebbellbl@diigo.com,Kerala Agricultural University,12/9/2011
419,Connie,Riach,criachbm@state.gov,Universidade da Amazônia,8/4/2006
420,Graeme,Readshall,greadshallbn@fastcompany.com,Hogeschool voor Wetenschap & Kunst,5/31/2010
421,Deb,Barnson,dbarnsonbo@networkadvertising.org,Bahcesehir University,4/17/2010
422,Shane,Twigg,stwiggbp@ted.com,School of Banking and Management in Cracow,11/22/2013
423,Albina,Fearns,afearnsbq@cnet.com,"Physical Education Academy ""Eugeniusz Piasecki"" in Poznan",8/26/2016
424,Sharia,Heinle,sheinlebr@plala.or.jp,Urumqi Vocational University,12/19/2008
425,Lorne,Heinicke,lheinickebs@whitehouse.gov,Kanda University of International Studies,10/30/2008
426,Francesco,Leyden,fleydenbt@twitpic.com,Université Bordeaux I,8/29/2020
427,Terrijo,Chape,tchapebu@51.la,Zambian Open University,2/19/2003
428,Crichton,Hightown,chightownbv@google.it,Universidad Católica del Norte,9/8/2001
429,Guntar,Snasel,gsnaselbw@purevolume.com,Universidad Tecnológica de México,8/3/2012
430,Orella,Esmead,oesmeadbx@amazon.de,Universität Bayreuth,3/13/2010
431,Tiffani,Stiff,tstiffby@dailymail.co.uk,Aomori Chuoh Gakuin University,2/4/2011
432,Mikael,Hourstan,mhourstanbz@dell.com,Emerson College,2/10/2020
433,Goldina,Axworthy,gaxworthyc0@meetup.com,University of Western Sydney,2/12/2018
434,Rana,Bircher,rbircherc1@huffingtonpost.com,Moscow International Higher Business School (MIRBIS),6/14/2020
435,Theodosia,Andrys,tandrysc2@admin.ch,Princess Sumaya University for Technology,1/31/2000
436,Reece,Simm,rsimmc3@com.com,University of Uyo,6/19/2001
437,Alford,Matresse,amatressec4@foxnews.com,Universidad de San José,2/19/2003
438,Claudie,Gurnett,cgurnettc5@zimbio.com,Universidad Metropolitana,12/24/2019
439,Emylee,Mauger,emaugerc6@weather.com,Cologne Business School,2/10/2017
440,Emmanuel,Biasio,ebiasioc7@sfgate.com,Mercyhurst College,4/13/2017
441,Madelene,Evreux,mevreuxc8@infoseek.co.jp,University of Electronic Science and Technology of China,1/9/2014
442,Barrie,Pearsall,bpearsallc9@guardian.co.uk,Liaquat University of Medical & Health Sciences Jamshoro,11/22/2005
443,Hervey,McMurray,hmcmurrayca@hatena.ne.jp,Louisiana State University at Eunice,7/23/2015
444,Roxy,Abden,rabdencb@cnet.com,Instituto Universitario de Ciencias de la Salud Fundación H.A. Barceló,5/24/2016
445,Renard,Jukes,rjukescc@sina.com.cn,University of Colorado at Denver,10/17/2006
446,Mohandis,Grigg,mgriggcd@seattletimes.com,California College for Health Sciences,5/3/2015
447,Dennison,Smeeth,dsmeethce@tiny.cc,Nagoya University of Arts,8/3/2019
448,Ansel,Esby,aesbycf@odnoklassniki.ru,Universidad Nacional de Cuyo,12/23/2018
449,Alvis,Vickors,avickorscg@archive.org,Andon College - Modesto,2/11/2004
450,Tracy,Anyene,tanyenech@netscape.com,National Transport University,11/15/2006
451,Arri,Klyn,aklynci@cornell.edu,Fachhochschule Ravensburg-Weingarten,2/13/2012
452,Even,Pridden,epriddencj@eventbrite.com,Universitas Swadaya Gunung Djati,5/7/2006
453,Lynn,Rusbridge,lrusbridgeck@last.fm,University of Brescia,12/9/2003
454,Herschel,Lowcock,hlowcockcl@cocolog-nifty.com,"Kunsthochschule Berlin-Weissensee, Hochschule für Gestaltung ",3/15/2016
455,Bianka,Whiffen,bwhiffencm@pagesperso-orange.fr,Mogadishu University,5/4/2013
456,Rebekkah,Bonelle,rbonellecn@adobe.com,Jingdezhen China Institute,1/3/2014
457,Tobiah,Ralphs,tralphsco@japanpost.jp,University of Hail,10/31/2006
458,Dania,Nannizzi,dnannizzicp@gizmodo.com,KDI School of Public Policy and Management,5/18/2008
459,Penny,Duffell,pduffellcq@etsy.com,Third University of Rome,8/5/2020
460,Shelby,Torra,storracr@forbes.com,Ecole Nationale Supérieure des Arts et Industries de Strasbourg,4/29/2004
461,Taddeusz,Praundlin,tpraundlincs@alibaba.com,Zimbabwe Ezekiel Guti University,3/28/2017
462,Correy,Dowty,cdowtyct@nymag.com,Budapest Buddhist University,10/21/2009
463,Godfree,Torfin,gtorfincu@liveinternet.ru,Tunku Syed Sirajuddin Polytechnic,1/7/2000
464,Sioux,Simmon,ssimmoncv@behance.net,Accra Polytechnic ,7/27/2001
465,Emmanuel,Strass,estrasscw@wikipedia.org,Mount Allison University,11/15/2017
466,Yancey,Goatcher,ygoatchercx@ted.com,Saginaw Valley State University,11/22/2012
467,Knox,Britt,kbrittcy@oracle.com,Yokohama City University,9/6/2008
468,Saleem,Nelson,snelsoncz@epa.gov,University of Engineering and Technology Peshawar,6/27/2010
469,Hyacinthie,Kornilov,hkornilovd0@cnbc.com,Marywood University,9/5/2014
470,Jacquelyn,Le land,jlelandd1@netvibes.com,Rafsanjan University of Medical Sciences,5/2/2006
471,Rosalind,Gane,rganed2@nationalgeographic.com,Open University of Sri Lanka,1/12/2018
472,Bran,Troake,btroaked3@g.co,University of the Italian-speaking Part of Switzerland,10/25/2018
473,Augie,Meir,ameird4@geocities.com,Southwest University of Political Science and Law,5/9/2012
474,Irene,Greenless,igreenlessd5@drupal.org,Universidad Autónoma de Coahuila,9/10/2001
475,Rafferty,Mars,rmarsd6@abc.net.au,Zaman University,3/12/2018
476,Pammi,Baynon,pbaynond7@census.gov,University of National and World Economy,5/26/2014
477,Nonna,Ewell,newelld8@reuters.com,Université François Rabelais de Tours,7/25/2002
478,Avery,Lewinton,alewintond9@t.co,"Fachhochschule Pforzheim, Hochschule für Gestaltung, Technik und Wirtschaft",11/4/2016
479,Malva,Sully,msullyda@google.cn,Institute of Textile Technology,1/26/2015
480,Camella,Hardstaff,chardstaffdb@ameblo.jp,"Fairleigh Dickinson University, Florham-Madison Campus",4/28/2000
481,Gris,Kidstone,gkidstonedc@ehow.com,Khalifa University,12/20/2019
482,Nissie,Nazaret,nnazaretdd@jimdo.com,Universidad de Occidente,11/19/2008
483,Nils,Scogings,nscogingsde@cnn.com,Universiti Tunku Abdul Rahman,5/17/2012
484,Laughton,Petyakov,lpetyakovdf@addthis.com,Université des Sciences Humaines (Strasbourg II),3/23/2018
485,Natala,Elland,nellanddg@addtoany.com,Bingham University,11/27/2009
486,Elvera,Ginnaly,eginnalydh@ucla.edu,Universidade Autónoma de Lisboa Luís de Camoes,6/9/2010
487,Wilona,Chatelot,wchatelotdi@tamu.edu,Stockholm School of Economics in Riga,2/24/2019
488,Gun,Tippings,gtippingsdj@php.net,Ecole Nationale du Génie de l'Eau et de l'Environnement de Strasbourg,5/8/2009
489,Valentin,Donet,vdonetdk@wikimedia.org,Chukyo Women's University,7/29/2000
490,Shaine,Valentelli,svalentellidl@nyu.edu,Laikipia University,4/11/2017
491,Ulrike,Solano,usolanodm@tiny.cc,Engineering Faculty of Asian University,2/7/2007
492,Moore,Hubbuck,mhubbuckdn@joomla.org,European Carolus Magnus University,4/8/2010
493,Scotty,Longfut,slongfutdo@drupal.org,College of St. Mary,9/26/2015
494,Ozzie,Bronot,obronotdp@dagondesign.com,National College of Chiropractic,8/28/2017
495,Daniel,Whyborne,dwhybornedq@theglobeandmail.com,Moscow State Automobile and Road Technical University,2/21/2002
496,Chance,Holsall,cholsalldr@omniture.com,Pusan National University of Education,8/9/2015
497,Nancy,Dods,ndodsds@flickr.com,Universidad Peruana de Ciencias e Informática,5/10/2019
498,Riordan,Jouhning,rjouhningdt@miibeian.gov.cn,American International College,2/17/2013
499,Wendye,Casterou,wcasteroudu@tuttocitta.it,Knoxville College,2/19/2006
500,Nani,Trenchard,ntrencharddv@mit.edu,University of Jan Evangelista Purkyne,8/30/2006
501,Rodi,Ayers,rayersdw@jigsy.com,Boston College,9/30/2020
502,Katharyn,Trayhorn,ktrayhorndx@twitpic.com,University of Eastern Philippines,1/10/2014
503,Con,Crosston,ccrosstondy@fc2.com,Saba University,9/17/2011
504,Manya,Giannazzi,mgiannazzidz@bloomberg.com,Kun Shan University,11/16/2009
505,Dixie,Billie,dbilliee0@globo.com,University of San Carlos,3/13/2006
506,Hallie,Bispham,hbisphame1@redcross.org,Seattle University,12/8/2015
507,Maximilien,Tommasetti,mtommasettie2@dedecms.com,Mzuzu University,9/6/2006
508,Mackenzie,Danniell,mdannielle3@jalbum.net,Universidad Nacional de Tucumán,7/14/2004
509,Bell,Vlach,bvlache4@twitpic.com,Singhania University Rajasthan,5/23/2015
510,Penn,Allatt,pallatte5@artisteer.com,Université de Bamenda,2/5/2009
511,Margarette,Niblock,mniblocke6@wsj.com,Universidad Católica de Santa Fé,7/25/2009
512,Giraud,Newens,gnewense7@mac.com,Ulsan University,6/15/2009
513,Caren,Clorley,cclorleye8@rakuten.co.jp,National American University,9/22/2008
514,Bartlett,Duckwith,bduckwithe9@jimdo.com,Longwood College,9/7/2009
515,Olivette,Engelmann,oengelmannea@answers.com,Gettysburg College,5/23/2017
516,Lorain,Heading,lheadingeb@cnbc.com,"Universidad de Puerto Rico, Bayamon",3/28/2015
517,Arty,Bunyan,abunyanec@ovh.net,Chengdu Institute of Sichuan International Studies University,7/11/2011
518,Ruthann,Marriner,rmarrinered@wix.com,Maejo University,9/7/2005
519,Phaedra,Gold,pgoldee@mediafire.com,Hobart and William Smith Colleges,6/9/2018
520,Hedwiga,Brookfield,hbrookfieldef@com.com,Notre Dame College,11/25/2002
521,Ambrose,Ryton,arytoneg@booking.com,Université de Sétif,4/29/2008
522,Tull,Gebbie,tgebbieeh@ezinearticles.com,Columbia College Chicago,10/3/2020
523,Wat,Betteson,wbettesonei@flickr.com,The College of Wooster,6/13/2013
524,Niki,Newns,nnewnsej@w3.org,Universidade Federal Rural de Pernambuco,12/7/2018
525,Korry,Haugh,khaughek@state.tx.us,Yuan Ze University,7/17/2000
526,Arie,Skough,askoughel@foxnews.com,Universidad Nacional de Salta,9/14/2004
527,Ines,Patinkin,ipatinkinem@macromedia.com,Foshan University,9/24/2015
528,Nanni,Carson,ncarsonen@npr.org,University of Mohaghegh,11/4/2010
529,Cameron,Du Fray,cdufrayeo@wordpress.com,Nebraska Wesleyan University,10/6/2019
530,Amitie,Mollnar,amollnarep@friendfeed.com,Sheridan College,3/30/2007
531,Laurice,Baudins,lbaudinseq@oaic.gov.au,Srinakharinwirot University,5/13/2003
532,Claus,Alesin,calesiner@theglobeandmail.com,Katsina University,8/24/2011
533,Margette,Gwyer,mgwyeres@biblegateway.com,Sabzevar School of Medical Sciences,6/4/2010
534,Jacquetta,Abbey,jabbeyet@google.nl,Yerevan State University,3/18/2006
535,Cass,Lonergan,clonerganeu@xing.com,"Rasmussen College, North Dakota Campuses",8/2/2006
536,Joachim,Dunkerly,jdunkerlyev@bandcamp.com,Université Ibn Zohr Agadir,11/27/2018
537,Diann,Lathom,dlathomew@wunderground.com,Pacific Oaks College,1/12/2000
538,Chelsy,Padley,cpadleyex@sciencedirect.com,Notre Dame of Marbel University,1/9/2000
539,Therese,Tertre,ttertreey@independent.co.uk,Université d'Aix-Marseille III,6/8/2000
540,Dasie,Higgoe,dhiggoeez@networksolutions.com,Reitaku University,2/10/2000
541,Marion,McKmurrie,mmckmurrief0@wired.com,Toyota Technological Institute,8/22/2020
542,Barrett,Semaine,bsemainef1@dailymail.co.uk,State University of New York College of Environmental Science and Forestry,4/3/2002
543,Rora,Scargle,rscarglef2@auda.org.au,Ashiya University,8/20/2009
544,Gilli,Haydney,ghaydneyf3@blinklist.com,University of Oregon,12/27/2018
545,Kaitlynn,Matton,kmattonf4@craigslist.org,University of Illinois at Springfield,8/4/2018
546,Eada,Kelwaybamber,ekelwaybamberf5@uol.com.br,University of Basel,10/8/2019
547,Birk,Stapleton,bstapletonf6@zdnet.com,Yasuj University,12/2/2003
548,Zonda,Dorling,zdorlingf7@businesswire.com,Hitotsubashi University,3/26/2004
549,Bryana,Paulson,bpaulsonf8@sphinn.com,St. Martin's College,2/17/2006
550,Carolynn,Andric,candricf9@jigsy.com,Universidad de Antioquía,1/14/2016
551,Angy,Killingback,akillingbackfa@facebook.com,Pennsylvania State University - Abington,11/7/2013
552,Merrile,Kinner,mkinnerfb@msn.com,University of Engineering and Technology Taxila,6/23/2002
553,Tedi,Robertis,trobertisfc@desdev.cn,Arid Agriculture University,9/29/2000
554,Filide,Butten,fbuttenfd@squidoo.com,North Island College,7/15/2005
555,Ramsay,Ludgate,rludgatefe@artisteer.com,Institut National Supérieur de Formation Agro-Alimentaire,9/4/2012
556,Lydon,Fancy,lfancyff@biglobe.ne.jp,Liaocheng Teachers University,9/26/2016
557,Melodie,Skyner,mskynerfg@adobe.com,Nagano University,8/17/2011
558,Winnie,Dagleas,wdagleasfh@furl.net,Perlis Islamic Higher Learning Institute,2/21/2000
559,Kale,Garrod,kgarrodfi@sourceforge.net,Université de Technologie de Belfort Montbéliard,6/12/2020
560,Rudyard,Idle,ridlefj@lulu.com,Open University of Tanzania,9/22/2019
561,Piotr,Keegan,pkeeganfk@sitemeter.com,Osaka Gakuin University,6/9/2017
562,Kimmi,Janway,kjanwayfl@wp.com,Central Washington University,4/20/2002
563,Angelina,Spurden,aspurdenfm@usa.gov,University of Teesside,6/25/2002
564,Iseabal,Jurs,ijursfn@friendfeed.com,Université des Sciences Humaines (Strasbourg II),12/5/2005
565,Adriano,Paike,apaikefo@discovery.com,International Culture University ,9/10/2010
566,Barron,Graben,bgrabenfp@a8.net,Universitas Yarsi,9/20/2006
567,Othella,Aiers,oaiersfq@unblog.fr,University of the Philippines Diliman,7/12/2020
568,Isa,Truswell,itruswellfr@cpanel.net,Arab Open University,8/16/2007
569,Hart,Veighey,hveigheyfs@examiner.com,University of Colombo,12/30/2018
570,Elissa,Vicent,evicentft@cam.ac.uk,Frostburg State University,9/24/2018
571,Loy,Longfut,llongfutfu@cdc.gov,Hochschule für Berufstätige Rendsburg,4/21/2004
572,Delilah,Llewhellin,dllewhellinfv@dell.com,Fachhochschule Ingolstadt,4/16/2007
573,Tanhya,Guntrip,tguntripfw@senate.gov,Tokushima Bunri University,5/30/2019
574,Diana,Lyddy,dlyddyfx@independent.co.uk,University College of Trollhättan/Uddevalla,8/8/2011
575,Chuck,Victoria,cvictoriafy@prlog.org,Chaminade University of Honolulu,9/26/2011
576,Em,Bushell,ebushellfz@berkeley.edu,"University of Mining and Geology ""St. Ivan Rils""",8/15/2002
577,Eyde,Leadbetter,eleadbetterg0@paginegialle.it,Marian College,11/12/2005
578,Denis,Andras,dandrasg1@godaddy.com,St. Augustine University of Tanzania,7/22/2018
579,Britteny,Crim,bcrimg2@godaddy.com,Silver Lake College,8/6/2013
580,Earvin,Jenno,ejennog3@yellowbook.com,New College of Florida,6/30/2004
581,Gae,Perch,gperchg4@foxnews.com,Universidad Nacional Daniel Alcides Carrion,12/5/2001
582,Cort,Trattles,ctrattlesg5@sciencedaily.com,Miami University of Ohio - Middletown,6/20/2001
583,Stu,McGreil,smcgreilg6@ucoz.com,Universitas Gadjah Mada,3/24/2011
584,Annadiana,Briant,abriantg7@globo.com,Universidad de Costa Rica,8/28/2013
585,Hildegarde,Escalero,hescalerog8@1688.com,Edward Waters College,8/17/2005
586,Brandi,Baylie,bbaylieg9@dell.com,National Chi Nan University,1/29/2003
587,Renie,MacAscaidh,rmacascaidhga@artisteer.com,Ecole Nationale Supérieur de Mécanique et d'Aéronautique,4/7/2007
588,Mei,Luddy,mluddygb@google.com.br,Tohoku Women's College,6/14/2010
589,Prue,Barwise,pbarwisegc@angelfire.com,Universität der Bundeswehr München,4/15/2019
590,Blaire,Domenicone,bdomeniconegd@netvibes.com,Obafemi Awolowo University Ile-Ife,8/15/2001
591,Glennie,Lushey,glusheyge@fastcompany.com,Allianze College of Medical Sciences (ACMS),11/10/2020
592,Cornell,Mish,cmishgf@artisteer.com,Martin University,1/3/2007
593,Deb,Troker,dtrokergg@phpbb.com,Al-Isra University,11/26/2005
594,Danice,Greeve,dgreevegh@abc.net.au,Hope International University,11/27/2003
595,Cori,Bartolomivis,cbartolomivisgi@behance.net,Niigata University of International and Information Studies,5/2/2018
596,Marta,Lamar,mlamargj@squidoo.com,"Universidad de Puerto Rico, Ciencias Medicas",5/8/2015
597,Janna,Abade,jabadegk@whitehouse.gov,McMurry University,9/17/2013
598,Con,Moss,cmossgl@photobucket.com,Great Lakes University of Kisumu,10/17/2000
599,Nadean,Mearns,nmearnsgm@instagram.com,University Of Medical Sciences & Technology (UMST),5/15/2003
600,Sterling,Donohoe,sdonohoegn@ucla.edu,National Cheng Kung University,11/10/2018
601,Bert,Decort,bdecortgo@whitehouse.gov,Newports Institute of Communication & Economics,3/23/2011
602,Gilbert,Giles,ggilesgp@free.fr,Benue State University,10/14/2013
603,Peggie,Franchyonok,pfranchyonokgq@unesco.org,Mariano Marcos State University,4/11/2019
604,Claude,Foster,cfostergr@upenn.edu,Zhejiang Sci-Tech University ,11/21/2008
605,Geno,Vanshin,gvanshings@tiny.cc,Université Nancy II,12/11/2007
606,Raoul,Perrott,rperrottgt@friendfeed.com,"Universidad Internacional de Andalucía, Sede La Rábida",3/27/2009
607,Starlin,Illes,sillesgu@barnesandnoble.com,Sevastopol National Technical University,12/18/2017
608,Buddie,Carme,bcarmegv@washingtonpost.com,Sanford-Brown Institute,1/2/2008
609,Jimmie,Ludvigsen,jludvigsengw@stumbleupon.com,Henderson State Univerisity,11/16/2018
610,Fayre,Padefield,fpadefieldgx@goodreads.com,"The Maryland Institute, College of Art",3/13/2011
611,Ara,Dabbs,adabbsgy@irs.gov,Iasar University,3/7/2009
612,Hebert,Burfield,hburfieldgz@live.com,University of Kalamoon,9/29/2001
613,Martie,Larose,mlaroseh0@vimeo.com,University of Wyoming,11/20/2006
614,Karney,Plaster,kplasterh1@pcworld.com,Isfahan University of Technology,1/8/2009
615,Cullin,Mustoo,cmustooh2@telegraph.co.uk,Saratov State Medical University,8/20/2008
616,Sarine,Snazel,ssnazelh3@mail.ru,St. Petersburg StateMechnikov  Medical Academy,1/15/2002
617,Sherlocke,Goodisson,sgoodissonh4@squarespace.com,KASB Institute of Technology,7/23/2006
618,Liza,Barense,lbarenseh5@huffingtonpost.com,Janus Pannonius University,10/17/2005
619,Meade,Cason,mcasonh6@wiley.com,Muscat College,11/18/2019
620,Stella,McGillivray,smcgillivrayh7@gizmodo.com,The Cooper Union for the Advancement of Science and Art,7/24/2004
621,Hyacintha,Stowe,hstoweh8@upenn.edu,"Federal University of Technology, Owerri",9/21/2009
622,Beaufort,Waring,bwaringh9@sciencedaily.com,University of Mosul,12/6/2011
623,Orsa,Foad,ofoadha@nydailynews.com,Higher Technological Institute,5/8/2020
624,Adrianne,Grimoldby,agrimoldbyhb@skyrock.com,"Islamic Azad University, Kerman",4/28/2018
625,Torrey,Timpany,ttimpanyhc@ft.com,Université de la Manouba,1/2/2009
626,Arabelle,Nussii,anussiihd@gravatar.com,International Kazakh-Turkish University,1/15/2019
627,Cahra,Offiler,coffilerhe@mozilla.com,Morrison College,11/1/2013
628,Weylin,Pennacci,wpennaccihf@tinyurl.com,Universidad Nacional de Tres de Febrero,9/24/2007
629,Maggie,Springate,mspringatehg@sbwire.com,DeSales University,12/24/2012
630,Rudolph,Coniff,rconiffhh@usatoday.com,Al Azhar University,12/7/2016
631,Antoine,Jirieck,ajirieckhi@nifty.com,Universidad Autónoma de Las Américas,1/5/2010
632,Leland,Palek,lpalekhj@nature.com,Misr University for Sience and Technology,10/16/2004
633,Mayne,Sebrens,msebrenshk@tripadvisor.com,Tilak Maharashtra Vidyapeeth,4/3/2019
634,Dennis,Pickless,dpicklesshl@vkontakte.ru,"Universidad Salvadorena ""Alberto Masferrer""",6/9/2015
635,Gare,Rickaby,grickabyhm@macromedia.com,Jimei University,5/28/2009
636,Gardy,Overstone,goverstonehn@51.la,Illinois College of Optometry,11/30/2000
637,Lynn,Bulteel,lbulteelho@ft.com,Free University Amsterdam,2/16/2020
638,Vaughan,Tildesley,vtildesleyhp@nature.com,College of Education Ikere,2/2/2014
639,Patti,Jozefiak,pjozefiakhq@time.com,"California State University, Los Angeles",9/25/2010
640,Justus,Kopke,jkopkehr@ning.com,Forest Research Institute Dehradun,2/11/2001
641,Kristy,Fancett,kfancetths@dot.gov,Jahrom University of Medical Sciences,1/1/2004
642,Clari,Brattan,cbrattanht@themeforest.net,Higher School of University and Advanced Studies Pisa,5/29/2019
643,Adlai,Struys,astruyshu@opensource.org,Belarussian State Polytechnical Academy,11/22/2007
644,Malina,Le Provost,mleprovosthv@drupal.org,Perm State Technical University,7/13/2011
645,Rivalee,Lucks,rluckshw@va.gov,Bridgewater College,3/16/2003
646,Freda,Twidell,ftwidellhx@ca.gov,Trinity University,6/19/2014
647,Hendrik,Wain,hwainhy@elegantthemes.com,Université Paris-Dauphine (Paris IX),7/17/2002
648,Ozzie,Huband,ohubandhz@vistaprint.com,Arab American University - Jenin,12/16/2009
649,Jehu,Mohammed,jmohammedi0@yolasite.com,London Business School,4/6/2003
650,Kane,Snoddin,ksnoddini1@youtube.com,İstanbul Şehir University,2/7/2011
651,Sylvia,Andriolli,sandriollii2@yandex.ru,Technological Education Institute of Thessaloniki,8/7/2015
652,Mallory,Swindles,mswindlesi3@elegantthemes.com,National Kaohsiung University of Applied Sciences,10/4/2014
653,Phylis,Manton,pmantoni4@independent.co.uk,Providence College,3/27/2013
654,Allistir,Fudger,afudgeri5@comcast.net,Integral University,12/30/2014
655,Humfried,Lettington,hlettingtoni6@sohu.com,Universidad de La Habana,11/21/2009
656,Davide,Wethers,dwethersi7@lycos.com,"Islamic Azad University, Tafresh",12/28/2004
657,Prissie,Duligall,pduligalli8@rambler.ru,Universidade do Algarve,5/5/2001
658,Ingunna,Hayle,ihaylei9@yellowbook.com,Shanghai Lida Polytechnic Institute,7/15/2020
659,Muffin,Rathbourne,mrathbourneia@jugem.jp,Eastern Kentucky University,12/24/2000
660,Trevar,Beeble,tbeebleib@purevolume.com,ITT Technical Institute Indianapolis,4/24/2002
661,Lurette,Larratt,llarrattic@bloglovin.com,Bratislava International School of Liberal Arts,3/8/2008
662,Kirby,Durran,kdurranid@prweb.com,Volgograd State Pedagogical University,4/30/2001
663,Read,Shakelady,rshakeladyie@baidu.com,University of the District of Columbia,7/11/2003
664,Donelle,Ansley,dansleyif@unicef.org,Universidad Nacional Jorge Basadre Grohmann,7/10/2001
665,Meriel,Kisting,mkistingig@dmoz.org,College of Technology at Kharj,4/19/2006
666,Jyoti,Gueinn,jgueinnih@ucoz.com,Anderson University,9/6/2001
667,Duffy,Thewles,dthewlesii@dell.com,Karakoram International University,6/14/2003
668,Cal,Virgoe,cvirgoeij@usatoday.com,Leon Kozminski Academy of Entrepreneurship and Mangement in Warsaw,8/14/2013
669,Constantino,Bone,cboneik@globo.com,Universidad de Colima,4/11/2002
670,Addi,Myott,amyottil@ucoz.ru,Isra University,12/31/2009
671,Laryssa,Krolman,lkrolmanim@accuweather.com,"Institute of Teachers Education, Islamic Education",3/12/2002
672,Hanan,Bence,hbencein@who.int,Azerbaijan Medical University,2/12/2010
673,Rakel,Andriveau,randriveauio@marketwatch.com,Hiroshima Shudo University,9/4/2001
674,Kathye,Hullin,khullinip@baidu.com,Trinity University,10/21/2007
675,Loren,Loughran,lloughraniq@chron.com,Universidad de Morón,3/17/2002
676,Tressa,Kenyam,tkenyamir@eepurl.com,Nova Scotia Agricultural College,9/4/2010
677,Kandace,Spuffard,kspuffardis@redcross.org,DIPLOMA-Fachhochschule Ölsnitz/Vogtland,12/24/2004
678,Guss,Surgood,gsurgoodit@engadget.com,Parsons School of Design,1/23/2002
679,Claudine,Penk,cpenkiu@unc.edu,Albany Medical Center,7/31/2005
680,Norman,Gethen,ngetheniv@163.com,Franklin College Switzerland,8/7/2019
681,Rosette,Reid,rreidiw@berkeley.edu,National Taiwan Ocean University,3/25/2009
682,Brandon,Yaxley,byaxleyix@constantcontact.com,Universidad Nacional de Loja,6/25/2000
683,Jamal,Fishbourne,jfishbourneiy@moonfruit.com,Jilin University of Technology,6/8/2016
684,Terence,Cooling,tcoolingiz@bizjournals.com,University of Witwatersrand,4/30/2015
685,Marcos,Reddel,mreddelj0@themeforest.net,College of St. Rose,11/7/2018
686,Salome,Sallans,ssallansj1@dailymotion.com,Technical University of Timisoara,6/27/2015
687,Liane,Draayer,ldraayerj2@google.com.hk,Birjand University of Medical Sciences,1/29/2004
688,Cam,Ahrenius,cahreniusj3@adobe.com,Coventry University,10/9/2008
689,Sallee,Comizzoli,scomizzolij4@purevolume.com,Universidade Estadual do Centro-Oeste,10/26/2001
690,Enriqueta,Lidierth,elidierthj5@linkedin.com,Allegheny College,10/27/2014
691,Gabby,Daynter,gdaynterj6@timesonline.co.uk,Guangdong University of Foreign Studies,9/11/2018
692,Scotti,Confort,sconfortj7@jalbum.net,Institut d'Etudes Politiques de Paris (Sciences Po),9/2/2004
693,Tobiah,Roisen,troisenj8@timesonline.co.uk,Fuji Women's College,6/14/2014
694,Ardeen,Stickells,astickellsj9@weather.com,Universidad Pedagógica Experimental Libertador,5/5/2003
695,Dix,Aspall,daspallja@kickstarter.com,Universidad Luterana Salvadorena,6/29/2019
696,Dwain,Hillitt,dhillittjb@delicious.com,University of Milan - Bicocca,8/1/2000
697,Adelind,Sutch,asutchjc@sina.com.cn,University of Lagos,6/19/2007
698,Alena,Haveline,ahavelinejd@state.tx.us,Sultan Azlan Shah Polytechnic ,8/26/2012
699,Ericka,Emney,eemneyje@twitter.com,Nagasaki University,10/20/2001
700,Jori,Tolworthie,jtolworthiejf@example.com,Narsee Monjee Institute of Management Studies,1/5/2007
701,Thia,Mourant,tmourantjg@vkontakte.ru,Ryerson Polytechnic University,12/26/2020
702,Shepherd,Chaim,schaimjh@squarespace.com,Centro Universitário de João Pessoa,10/26/2008
703,Dulcia,Tyt,dtytji@elpais.com,University of Ghana,11/25/2010
704,Cora,Hartop,chartopjj@sohu.com,Radboud University of Nijmegen,3/29/2008
705,Teressa,Jozaitis,tjozaitisjk@booking.com,Jatiya Kabi Kazi Nazrul Islam University,11/11/2002
706,Adore,Chalcot,achalcotjl@tiny.cc,Lincoln University Pennsylvania,6/27/2008
707,Susanetta,Seabourne,sseabournejm@ihg.com,Hamdard University,11/2/2006
708,Torr,Finney,tfinneyjn@tinyurl.com,Chungnam National University,3/10/2003
709,Winifred,Dulanty,wdulantyjo@fc2.com,Ohtani Women's University,1/14/2013
710,Binni,Decent,bdecentjp@msn.com,Universidad Privada del Este,8/19/2004
711,Tamas,Katzmann,tkatzmannjq@biblegateway.com,Weill Medical College of Cornell University,10/29/2014
712,Mora,Isabell,misabelljr@storify.com,Nakhchivan Private University,3/10/2011
713,Hamnet,MacCallion,hmaccallionjs@mac.com,Bankura University,2/27/2009
714,Stacy,McCorkindale,smccorkindalejt@sun.com,Northwestern College of Chiropractic,4/10/2014
715,Shara,Worthington,sworthingtonju@acquirethisname.com,St. Luke's College,1/29/2012
716,Lotti,Wilden,lwildenjv@mapy.cz,Southeast University,8/9/2002
717,Sofia,Duthie,sduthiejw@yandex.ru,Hokkaido Institute of Pharmaceutical Sciences,3/21/2007
718,Anders,Beakes,abeakesjx@sitemeter.com,"National University of Ireland, Maynooth",9/17/2011
719,Gelya,Poppleston,gpopplestonjy@foxnews.com,Auburn University at Montgomery,1/11/2018
720,Marieann,Fieldsend,mfieldsendjz@fastcompany.com,Universidad Adventista de Colombia,2/12/2015
721,Annabella,Macon,amaconk0@opensource.org,Roanoke College,7/15/2003
722,Sunny,Gianolini,sgianolinik1@washingtonpost.com,Zhetysu State University ,6/15/2006
723,Vanny,Swatradge,vswatradgek2@wiley.com,Universidad Nacional de Educación Enrique Guzmán y Valle,6/20/2002
724,Wandie,Teare,wtearek3@typepad.com,Daido Institute of Technology,8/25/2011
725,Henrik,Bassil,hbassilk4@stumbleupon.com,Hanoi University of Science,3/1/2010
726,Steffane,Emeny,semenyk5@wufoo.com,Grenoble Ecole de Management,4/7/2011
727,Niles,Snazle,nsnazlek6@twitpic.com,Simpson College Iowa,10/28/2002
728,Wain,Linford,wlinfordk7@spiegel.de,Tokyo University of Agriculture and Technology,6/17/2012
729,Trixy,Atrill,tatrillk8@shinystat.com,Universität Potsdam,4/6/2018
730,Wenda,Brideoke,wbrideokek9@ocn.ne.jp,Kathmandu University,5/9/2000
731,Winni,Wildman,wwildmanka@wsj.com,Nevsky Institute of Language and Culture,6/12/2007
732,Salomone,Conachy,sconachykb@devhub.com,Kobe Pharmaceutical University,12/3/2005
733,Gabrielle,Medling,gmedlingkc@vistaprint.com,"University of Dublin, Trinity College",11/11/2008
734,Jon,Scarffe,jscarffekd@dot.gov,"Royal College of Music, University of London",6/19/2002
735,Sibilla,Baldick,sbaldickke@geocities.com,Okinawa University,3/28/2003
736,Clary,Colbran,ccolbrankf@ox.ac.uk,University of Nebraska - Omaha,7/21/2003
737,Brook,Keay,bkeaykg@last.fm,Pusan National University of Education,1/23/2013
738,Kalindi,Upex,kupexkh@examiner.com,Shaqra University,6/16/2004
739,Taylor,Raggitt,traggittki@cam.ac.uk,Himachal Pradesh University,9/11/2017
740,Buddie,Kettel,bkettelkj@devhub.com,Bethany College California,2/29/2012
741,Gratiana,Gallemore,ggallemorekk@shinystat.com,Framingham State College,11/7/2011
742,Florella,Frayne,ffraynekl@rambler.ru,Chinhoyi University of Technology,2/15/2004
743,Loise,Prawle,lprawlekm@imageshack.us,Moraine Valley Community College,10/7/2018
744,Maryjo,Ashbee,mashbeekn@infoseek.co.jp,Universidad de La Habana,5/10/2003
745,Susy,Haggerty,shaggertyko@vistaprint.com,University of Italian Studies for Foreigners of Perugia,3/13/2012
746,Terza,Sired,tsiredkp@about.me,Southern Connecticut State University,7/8/2008
747,Aldin,Colecrough,acolecroughkq@webs.com,"St.James's School of Medicine, Bonaire",3/4/2018
748,Farrah,Hargerie,fhargeriekr@wp.com,Ghazni University,11/19/2002
749,Benedict,Ashenhurst,bashenhurstks@tripadvisor.com,Centro de Estudios Investigación y Tecnología (CEIT),2/28/2019
750,Nike,Graundisson,ngraundissonkt@nymag.com,McNeese State University,5/2/2003
751,Lainey,Kilius,lkiliusku@merriam-webster.com,University of Winnipeg,12/9/2018
752,Crin,Marnane,cmarnanekv@unicef.org,Jodhpur National University,4/13/2010
753,Bowie,Bainton,bbaintonkw@springer.com,University of South Bohemia,8/18/2016
754,Kennith,Guthrum,kguthrumkx@yolasite.com,University of Akureyri,12/11/2006
755,Johna,Trowill,jtrowillky@tinypic.com,Universidad de La Habana,1/27/2004
756,Cly,Barbera,cbarberakz@prlog.org,Universidad Gabriela Mistral,4/3/2010
757,Nesta,Shutler,nshutlerl0@dailymotion.com,Fine Arts Academy Wladyslaw Strzeminski in Lodz,10/31/2005
758,Carolee,Winridge,cwinridgel1@springer.com,Universiti Kebangsaan Malaysia,11/22/2008
759,Tove,Bubbins,tbubbinsl2@nature.com,Polytechnic University of the Philippines,9/16/2001
760,Bradley,Mumford,bmumfordl3@tinypic.com,University of Essex,12/25/2020
761,Sawyer,Cino,scinol4@unicef.org,Volgograd State University of Architecture and Civil Engineering (VolgGASU),8/23/2014
762,Chan,Feld,cfeldl5@scientificamerican.com,Laurentian University of Sudbury,6/1/2019
763,Michael,Ravenhill,mravenhilll6@mashable.com,Southwest University of Nationalities,6/22/2018
764,Gianni,Peggs,gpeggsl7@1und1.de,King Fahd Security College,8/1/2011
765,Gill,Marvell,gmarvelll8@cbc.ca,Catholic University in Ruzomberok,7/2/2005
766,Marshal,Tilling,mtillingl9@home.pl,Universidad del Turabo,1/21/2011
767,Wilie,Tibbles,wtibblesla@theguardian.com,Bashkir State University,2/25/2003
768,Becki,Biscomb,bbiscomblb@blog.com,"DeVry Institute of Technology, DuPage",1/6/2007
769,Estevan,Hare,eharelc@rambler.ru,Universidade da Beira Interior,1/14/2006
770,Donelle,Kehri,dkehrild@wikispaces.com,"Universidad Salvadorena ""Alberto Masferrer""",3/24/2014
771,Otho,Rawlingson,orawlingsonle@studiopress.com,FAE Business School - Faculdade de Administração e Economia,2/23/2018
772,Ikey,Yashaev,iyashaevlf@tinypic.com,Indiana University of Pennsylvania,7/17/2019
773,Milena,Norker,mnorkerlg@istockphoto.com,Miyagi Gakuin Women's College,1/1/2014
774,Brigitte,Oakwood,boakwoodlh@dedecms.com,Al Hussein Bin Talal University,4/10/2014
775,Ricoriki,Halward,rhalwardli@4shared.com,China Academy of Art,2/5/2007
776,Norri,Kippie,nkippielj@slideshare.net,University of Tulsa,11/6/2009
777,Johnath,Padell,jpadelllk@addthis.com,"California State University, Long Beach",12/20/2005
778,Christoffer,Tock,ctockll@nytimes.com,"Universidad Catolica ""Redemptoris Mater""",4/17/2019
779,Carmine,Harron,charronlm@imgur.com,Beder University,12/8/2014
780,Cary,Snoday,csnodayln@g.co,Aarhus School of Business,5/17/2002
781,Candide,Brownbridge,cbrownbridgelo@skype.com,College in Sládkovičovo,9/27/2005
782,Uri,Priditt,upridittlp@epa.gov,Rivier College,2/20/2004
783,Suzi,Borrows,sborrowslq@google.pl,Birmingham City University,11/21/2014
784,Philbert,Jarred,pjarredlr@netscape.com,Imperial College School of Medicine,3/23/2005
785,Kelci,Tilt,ktiltls@dyndns.org,"City University of New York, College of Staten Island",6/23/2020
786,Korey,Falconar,kfalconarlt@geocities.jp,Philosophisch-Theologische Hochschule Münster,7/20/2013
787,Winnie,Boddington,wboddingtonlu@yellowpages.com,Palestine Polytechnic University,12/10/2009
788,Gib,Barthelme,gbarthelmelv@barnesandnoble.com,China University of Mining Technology - Xuzhou,9/23/2007
789,Ferd,Zappel,fzappellw@bravesites.com,University of Hyderabad,5/13/2010
790,Emery,Dendle,edendlelx@theatlantic.com,North Carolina School of the Arts,6/15/2010
791,Blair,Girardini,bgirardinily@google.it,International Hotel Management Institute,12/29/2010
792,Rosalyn,Giacomello,rgiacomellolz@ovh.net,Tbilisi Teaching University,2/12/2017
793,Bernita,McCay,bmccaym0@nature.com,Georg-August Universität Göttingen,2/9/2002
794,Robbie,Tylor,rtylorm1@sitemeter.com,University of Split,12/14/2005
795,Graeme,Sully,gsullym2@pinterest.com,South Carolina State University,9/27/2000
796,Winnah,Skittles,wskittlesm3@mac.com,"Global Open University , Nagaland",2/23/2005
797,Ezechiel,Brahams,ebrahamsm4@ebay.co.uk,Northern University Bangladesh,12/15/2017
798,Bancroft,Danson,bdansonm5@discovery.com,Tafila Technical University ,8/26/2011
799,Mimi,Brickdale,mbrickdalem6@blogs.com,Agricultural University of Plovdiv,6/18/2006
800,Chico,Georgeou,cgeorgeoum7@forbes.com,Al-Islah University,7/11/2002
801,Darcee,Castagnet,dcastagnetm8@diigo.com,International University of Kyrgyzstan,9/19/2001
802,Gustav,Surr,gsurrm9@istockphoto.com,Wenzhou University,2/29/2008
803,Harli,Johananov,hjohananovma@pen.io,Fukui University of Technology,5/29/2011
804,Tamarah,Sedgefield,tsedgefieldmb@linkedin.com,Kyungsung University,12/2/2007
805,Violet,Bowshire,vbowshiremc@ning.com,Port Dickson Polytechnic,6/11/2020
806,Hagan,Kells,hkellsmd@slideshare.net,Hue University of Agriculture and Forestry ,10/2/2016
807,Ailene,Zanolli,azanollime@archive.org,Pedagogical University of Bydgoszcz,6/27/2014
808,Uriah,Caughan,ucaughanmf@ustream.tv,Benemerita Universidad Autónoma de Puebla,10/18/2009
809,Artie,Boynton,aboyntonmg@mashable.com,National Defence Academy of Latvia,8/21/2010
810,My,Shillaker,mshillakermh@51.la,Université Protestante au Congo,6/25/2007
811,Franky,Mowson,fmowsonmi@admin.ch,National University,10/1/2014
812,Toma,McCrackan,tmccrackanmj@ed.gov,"University of New Brunswick, Saint John",5/28/2009
813,Emmeline,Nesbeth,enesbethmk@hhs.gov,National Aerospace University Kharkov Aviation Institute,7/25/2015
814,Jillian,Cicetti,jcicettiml@icq.com,Theatre Academy Finland,10/25/2014
815,Tomasina,Scardifeild,tscardifeildmm@cdbaby.com,St. Petersburg State Institute of Technology (Technological University),2/13/2007
816,Kristen,Dutt,kduttmn@cam.ac.uk,International Medical University,3/1/2002
817,Ferris,Pearce,fpearcemo@addtoany.com,Universidad Nacional Autónoma de México,7/22/2005
818,Lucho,Realph,lrealphmp@sun.com,Fachhochschule für Oekonomie und Management (FOM),8/2/2013
819,Clara,Sillitoe,csillitoemq@salon.com,University of Detroit Mercy,2/18/2000
820,Hersh,MacGiolla Pheadair,hmacgiollapheadairmr@gizmodo.com,Hotelschool The Hague,5/28/2008
821,Lindsy,Del Checolo,ldelchecoloms@hatena.ne.jp,Flagler College,12/6/2013
822,Allene,Mamwell,amamwellmt@census.gov,Calumet College of St. Joseph,8/13/2002
823,Trumann,Sabey,tsabeymu@soup.io,Assiut University,11/9/2020
824,Bary,Ketton,bkettonmv@list-manage.com,Universitas Surabaya,11/26/2014
825,Jillane,Halligan,jhalliganmw@tmall.com,Henan Normal University,9/22/2017
826,Cordi,Road,croadmx@hp.com,Moscow State University of Environmental Engineering,7/11/2000
827,Sydelle,Humphris,shumphrismy@senate.gov,University of Technology Jamaica,12/28/2020
828,Eachelle,Olivetta,eolivettamz@auda.org.au,Higher Colleges of Technology,9/22/2011
829,Gilda,Gianilli,ggianillin0@ovh.net,Musashi University,10/5/2010
830,Atalanta,Weathey,aweatheyn1@senate.gov,Université Libre de Bruxelles,9/28/2007
831,Yovonnda,Lilley,ylilleyn2@boston.com,Universidad Bicentenaria de Aragua,1/11/2008
832,Cinda,Softley,csoftleyn3@va.gov,Azerbaijan Technology University,8/22/2020
833,Angel,Clee,acleen4@bandcamp.com,"Hochschule Wismar, Fachhochschule für Technik, Wirtschaft und Gestaltung",8/29/2015
834,Kathe,Nannetti,knannettin5@java.com,Trinity College of Music,11/23/2014
835,Corly,Acaster,cacastern6@over-blog.com,Southwest Agricultural University,7/28/2020
836,Yorgo,Caffin,ycaffinn7@bluehost.com,Nalanda Open University,1/1/2013
837,Shantee,McCraine,smccrainen8@cnet.com,Tokushima Bunri University,2/3/2019
838,Roze,Londsdale,rlondsdalen9@nsw.gov.au,Moraine Valley Community College,2/26/2012
839,Joyous,Amaya,jamayana@a8.net,Ubonratchathani University,6/28/2017
840,Edlin,Allinson,eallinsonnb@hp.com,Xi'an Highway University,4/3/2009
841,Thorpe,Arbon,tarbonnc@twitter.com,Université de Mons-Hainaut,11/9/2019
842,Constantino,Lesaunier,clesauniernd@4shared.com,West Chester University of Pennsylvania,2/14/2004
843,Paulina,Bosma,pbosmane@about.me,Western Baptist College,9/23/2016
844,Giulia,Hiner,ghinernf@wisc.edu,Southern New Hampshire University,7/17/2004
845,Bernadene,Verriour,bverriourng@themeforest.net,Universidad Nacional de Guinea Ecuatorial,12/2/2009
846,Fabien,Plaistowe,fplaistowenh@earthlink.net,School of Banking and Management in Cracow,10/3/2011
847,Arabele,Crosthwaite,acrosthwaiteni@alibaba.com,"Islamic Azad University, Dehaghan",12/11/2012
848,Gabie,Blackbourn,gblackbournnj@slashdot.org,Merlimau Polytechnic,8/22/2019
849,Hervey,Blackway,hblackwaynk@psu.edu,Badakhshan University,8/18/2012
850,Boony,Sheber,bshebernl@addthis.com,Sanno University,12/9/2005
851,Herculie,Stichel,hstichelnm@china.com.cn,Kazan State Academy of Architecture and Civil Engineering,4/17/2011
852,Fleurette,Rome,fromenn@example.com,Universidad Insurgentes Plantel León,11/14/2014
853,Toby,Raubenheimers,traubenheimersno@shop-pro.jp,University of Central Arkansas,7/17/2017
854,Cathe,Schwerin,cschwerinnp@ameblo.jp,Stanford University,2/21/2005
855,Hurley,McAne,hmcanenq@cisco.com,Kwassui Women's College,7/7/2013
856,Gauthier,Deary,gdearynr@example.com,Saratov State Medical University,7/12/2007
857,Adriaens,Poutress,apoutressns@adobe.com,Arab Academy for Science & Technology,7/8/2008
858,Ingar,Joice,ijoicent@sbwire.com,"University of the West of England, Bristol",1/15/2012
859,Joelynn,Daymond,jdaymondnu@naver.com,Senshu University,5/24/2000
860,Chucho,Peyes,cpeyesnv@xrea.com,Yüzüncü Yil (Centennial) University,2/15/2015
861,Lesya,Arthur,larthurnw@microsoft.com,Universidad Nacional de Piura,4/2/2003
862,Juieta,Beldan,jbeldannx@w3.org,Rockhurst College,6/17/2008
863,Catlaina,Gerrad,cgerradny@bigcartel.com,University of Notre Dame,7/10/2019
864,Gayel,Ottley,gottleynz@gov.uk,Ohka Gakuen University,6/1/2013
865,Franni,Wyborn,fwyborno0@nbcnews.com,Jones International University,1/17/2007
866,Gertrud,Gormally,ggormallyo1@wsj.com,West Minster International College,7/13/2003
867,Doti,Uppett,duppetto2@eepurl.com,Nagoya University of Foreign Studies,7/18/2006
868,Teddie,Rutter,truttero3@pcworld.com,Bu Ali Sina University,2/28/2005
869,Kissee,Elcoux,kelcouxo4@bigcartel.com,Sana'a University,12/2/2020
870,Latisha,Servant,lservanto5@rambler.ru,"Universidad International SEK, Santiago",8/24/2020
871,Jacinthe,Swayton,jswaytono6@virginia.edu,"Heythrop College, University of London",11/19/2015
872,Johanna,Rozzier,jrozziero7@plala.or.jp,St. John's College Maryland,1/10/2014
873,Raddy,Pelham,rpelhamo8@opensource.org,Technological University (Kyaukse),8/16/2009
874,Adoree,Genike,agenikeo9@trellian.com,Volgograd State University of Architecture and Civil Engineering (VolgGASU),10/31/2017
875,Terri,Oager,toageroa@plala.or.jp,Brown University,3/14/2014
876,Elnar,Mingardo,emingardoob@hud.gov,Wolkite University,9/26/2013
877,Claudetta,Mancell,cmancelloc@foxnews.com,College of Education Oju,12/4/2013
878,Sammy,Forsyth,sforsythod@taobao.com,University of Alabama - Tuscaloosa,7/11/2018
879,Fayina,Dinnis,fdinnisoe@economist.com,Universitas Darma Agung,9/29/2004
880,Gwenette,Upstone,gupstoneof@usgs.gov,The CTL Eurocollege,2/1/2008
881,Cyrus,Focke,cfockeog@123-reg.co.uk,Far Easten State University of Humanities,6/2/2005
882,Allyce,Shilito,ashilitooh@cloudflare.com,Kazak American University,5/29/2005
883,Rollin,Rastall,rrastalloi@jiathis.com,Targu-Mures University of Theatre,6/8/2003
884,Warren,Seebert,wseebertoj@npr.org,Universidade dos Acores,6/6/2013
885,Natala,Gaynsford,ngaynsfordok@ed.gov,University of Padua,10/24/2015
886,Doralyn,Kirkbright,dkirkbrightol@ocn.ne.jp,Kaduna State University,5/13/2000
887,Dar,Bennen,dbennenom@ovh.net,National College of Naturopathic Medicine,10/27/2000
888,Maurizia,Houten,mhoutenon@pbs.org,Richard Stockton College of New Jersey,10/19/2019
889,Morena,Cleeves,mcleevesoo@senate.gov,Frederick University,8/31/2000
890,Isidro,McVaugh,imcvaughop@wordpress.com,Southern Medial University,4/28/2015
891,Noe,Lube,nlubeoq@washingtonpost.com,Westminster College Fulton,5/22/2009
892,Ellary,Perulli,eperullior@alexa.com,University of Switzerland,5/4/2012
893,Harp,Dallin,hdallinos@amazonaws.com,Music Academy in Lodz,1/23/2010
894,Bogart,Langeren,blangerenot@woothemes.com,Kameshwar Singh Darbhanga Sanskrit University,1/10/2000
895,Tome,Ashbrook,tashbrookou@cnbc.com,Deutsche Sporthochschule Köln,10/29/2017
896,Maisie,Mullineux,mmullineuxov@nifty.com,Université de Provence (Aix-Marseille I),5/19/2007
897,Trumann,Stannis,tstannisow@army.mil,"Institute Of Technology, Australia",2/2/2000
898,Dom,Ramsbotham,dramsbothamox@nih.gov,Université Claude Bernard (Lyon I),9/5/2017
899,Jerad,Moukes,jmoukesoy@irs.gov,University of Pune,9/10/2001
900,Edan,McCudden,emccuddenoz@hp.com,Royal University of Agriculture,5/11/2015
901,Thurstan,De Souza,tdesouzap0@google.it,American University of Beirut,6/25/2010
902,Harmonie,Pattullo,hpattullop1@unblog.fr,DePauw University,4/11/2016
903,Car,Bennen,cbennenp2@discovery.com,Victoria University of Wellington,8/2/2016
904,Merrick,Cainey,mcaineyp3@simplemachines.org,Central Agricultural University,7/13/2008
905,Carrol,McPaik,cmcpaikp4@ox.ac.uk,National University of Singapore,3/22/2013
906,Tallou,Jillis,tjillisp5@netlog.com,Kobe Gakuin University,5/27/2011
907,Ilsa,Bowness,ibownessp6@163.com,Binh Duong University,7/8/2000
908,Jessy,Bendle,jbendlep7@oakley.com,Universidad Nacional de La Plata,3/29/2007
909,Kakalina,Lea,kleap8@google.com,Hajvery University Lahore for Women,3/17/2002
910,Viva,Bucklan,vbucklanp9@1688.com,Pondicherry University,2/17/2002
911,Hermine,Dockerty,hdockertypa@mayoclinic.com,Tokyo University of Information Sciences,11/24/2006
912,Delmore,De Vere,ddeverepb@gov.uk,University of Victoria,1/31/2000
913,Obidiah,Labroue,olabrouepc@ning.com,Centro de Estudios Universitarios Xochicalco,11/27/2015
914,Ashil,Kondratowicz,akondratowiczpd@storify.com,Bennett College,1/20/2020
915,Clotilda,Chattell,cchattellpe@theatlantic.com,Lanzhou University,3/27/2000
916,Torrence,MacKean,tmackeanpf@wikimedia.org,Southwestern Assemblies of God University,5/16/2012
917,Myra,Kither,mkitherpg@bluehost.com,St. Paul's College,9/23/2013
918,Hewett,Golley,hgolleyph@prweb.com,"Institute of Teachers Education, Penang",9/1/2016
919,Aldin,Lyne,alynepi@indiegogo.com,MacMurray College,11/13/2020
920,Olympia,Huntar,ohuntarpj@rakuten.co.jp,University of York,7/23/2020
921,Adelaide,Hutchason,ahutchasonpk@arstechnica.com,Hollins University,2/12/2014
922,Wenonah,Carleton,wcarletonpl@apache.org,American Film Institute Center for Advanced Film and Television Studies,6/11/2005
923,Baudoin,Lewnden,blewndenpm@goo.gl,Deutsche Telekom Fachhochschule Leipzig,8/2/2001
924,Haley,Wilber,hwilberpn@craigslist.org,University Institute of Oriental Studies,5/20/2008
925,Crystie,Hirjak,chirjakpo@walmart.com,Jishou University,1/2/2014
926,Alidia,Coldridge,acoldridgepp@over-blog.com,Acadia University,7/27/2016
927,Nehemiah,Ornelas,nornelaspq@opera.com,Centro Universitário Serra dos Órgãos,3/4/2006
928,Natalina,Keyme,nkeymepr@unicef.org,Northern Border University,3/1/2009
929,Polly,Lester,plesterps@arizona.edu,Huaihai Institute of Technology,10/2/2013
930,Betsy,Filpi,bfilpipt@symantec.com,Shoreline Community College,10/10/2019
931,Jedediah,Odell,jodellpu@bandcamp.com,Université Paris Nanterre (Paris X),8/12/2017
932,Corby,Rusk,cruskpv@ebay.com,Montana Tech,6/14/2011
933,Ferdie,Emblow,femblowpw@so-net.ne.jp,University of Central Florida,3/2/2005
934,Carlina,Jacks,cjackspx@ed.gov,"Katholische Fachhochschule Freiburg, Hochschule für Sozialwesen, Religionspädagogik und Pflege",10/31/2013
935,Rodrigo,O'Connell,roconnellpy@unicef.org,Vilnius Pedagogical University,3/16/2004
936,Estella,Cottis,ecottispz@sourceforge.net,"Evangelische Fachhochschule für Sozialpädagogik der ""Diakonenanstalt des Rauhen Hauses"" Hamburg",7/5/2017
937,Libbey,Franzotto,lfranzottoq0@umich.edu,"Physical Education Academy ""Jedrzej Sniadecki"" in Gdansk",10/14/2005
938,Jillene,June,jjuneq1@epa.gov,University of Mohaghegh,10/9/2010
939,Karole,Barden,kbardenq2@xing.com,Blessing-Rieman College of Nursing,12/26/2005
940,Emmy,Lengthorn,elengthornq3@homestead.com,National University of Science and Technology,5/8/2003
941,Maureen,Brixey,mbrixeyq4@va.gov,Odessa State Medical University,12/12/2000
942,Aldous,Spruce,aspruceq5@chicagotribune.com,Kurgan International University,5/6/2010
943,Carey,Rubinow,crubinowq6@nymag.com,Handelshochschule Leipzig,12/27/2018
944,Storm,Shambrooke,sshambrookeq7@phpbb.com,Trisakti Institute of Tourism ,9/9/2012
945,Felipa,Redmile,fredmileq8@yale.edu,Marquette University,4/10/2014
946,Briggs,Ferrand,bferrandq9@telegraph.co.uk,Technical University of Cracow,8/10/2001
947,Anitra,Demsey,ademseyqa@typepad.com,Saratov State Socio-Economic University,8/10/2018
948,Linzy,Berntsson,lberntssonqb@altervista.org,"Universidad Salvadorena ""Alberto Masferrer""",10/12/2009
949,Breena,Tott,btottqc@github.io,Gallaudet University,7/24/2020
950,Dyanna,Summons,dsummonsqd@cornell.edu,Skidmore College,2/28/2015
951,Waldon,Caddell,wcaddellqe@dedecms.com,Université Blaise Pascal (Clermont-Ferrand II),3/13/2008
952,Lyndsie,Friend,lfriendqf@github.io,Bates College,1/3/2002
953,Taite,MacAlinden,tmacalindenqg@smh.com.au,Osaka University of Education,9/9/2005
954,Vinni,Hawk,vhawkqh@behance.net,Camberwell College of Arts,12/3/2014
955,Ilsa,Brazear,ibrazearqi@redcross.org,Hokkaido University of Education,3/29/2008
956,Jannel,Critcher,jcritcherqj@nih.gov,Hochschule Darmstadt,1/15/2007
957,Goddard,Kyne,gkyneqk@statcounter.com,Tanta University,2/21/2008
958,Prescott,Fewings,pfewingsql@geocities.com,University of South Carolina,10/25/2014
959,Etheline,Yarn,eyarnqm@tiny.cc,Nagoya Women's University,7/16/2012
960,Caryl,Pechacek,cpechacekqn@networksolutions.com,"American University of Iraq, Sulaimani (Kurdistan Region)",12/20/2019
961,Karel,Rassell,krassellqo@cafepress.com,Hunan University,8/22/2013
962,Brandyn,Braney,bbraneyqp@reverbnation.com,Kent State University - Trumbull,9/8/2001
963,Berkeley,Pottie,bpottieqq@wunderground.com,Central Agricultural University,10/3/2001
964,Isis,Hughlin,ihughlinqr@imageshack.us,Azusa Pacific University,10/13/2011
965,Granville,Deport,gdeportqs@youtu.be,University of Alabama - Tuscaloosa,6/2/2002
966,Glyn,Meric,gmericqt@pagesperso-orange.fr,Sierra Nevada College,10/17/2005
967,Cody,Lilford,clilfordqu@usda.gov,Pacific College of Oriental Medicine,9/21/2011
968,Brodie,Syder,bsyderqv@icq.com,Wirtschaftsuniversität Wien,10/17/2019
969,Thornton,Blanchette,tblanchetteqw@networkadvertising.org,Tibet University of Nationalities,3/3/2019
970,Ynez,Galvin,ygalvinqx@google.es,Universidad Tecnológica Equinoccial,2/23/2015
971,Oralle,Satteford,osattefordqy@rambler.ru,Moldova State Agricultural University,1/25/2020
972,Berni,Toe,btoeqz@yahoo.co.jp,Cyprus International University,7/29/2017
973,Giselle,Bounds,gboundsr0@theguardian.com,Ecole Nationale Supérieure des Mines de Douai,1/6/2001
974,Natalie,Castille,ncastiller1@wp.com,Universidade Fernando Pessoa,7/17/2009
975,Nahum,Woolmore,nwoolmorer2@reference.com,Drury College,12/6/2014
976,Jim,Dinan,jdinanr3@naver.com,Technical University of Czestochowa,12/6/2002
977,Adolphus,Laurenson,alaurensonr4@phpbb.com,Semyung University,6/30/2011
978,Luis,Babalola,lbabalolar5@ocn.ne.jp,Universidad de la Fraternidad de Agrupaciones Santo Tomas de Aquino (FASTA),6/22/2017
979,Doria,Plaistowe,dplaistower6@bandcamp.com,St. Thomas Aquinas College,1/18/2002
980,Lana,Ambridge,lambridger7@desdev.cn,Excelsior College,3/21/2017
981,Carlotta,Bernhardsson,cbernhardssonr8@nationalgeographic.com,Fachhochschule Pur,12/13/2004
982,Teador,Yeandel,tyeandelr9@vinaora.com,University of the Italian-speaking Part of Switzerland,8/5/2002
983,Gwennie,Lambourn,glambournra@yahoo.co.jp,Bhagwant University,5/2/2017
984,Devonne,Lant,dlantrb@google.co.jp,National College of Physical Education and Sports,9/30/2011
985,Deerdre,Ravenshaw,dravenshawrc@vimeo.com,University of Fribourg,1/2/2019
986,Hiram,Vida,hvidard@opera.com,ABTI American University of Nigeria,1/15/2018
987,Corenda,Keavy,ckeavyre@drupal.org,"Universidad Internacional de Andalucía, Sede La Rábida",7/20/2015
988,Hana,Bennen,hbennenrf@ocn.ne.jp,Universidad Juan Misael Saracho,6/15/2013
989,Alexander,Royall,aroyallrg@si.edu,Kyushu Institute of Design,12/3/2010
990,Ettie,Gatesman,egatesmanrh@friendfeed.com,Universidad Mexicana,6/25/2004
991,Brice,Nicklinson,bnicklinsonri@wunderground.com,Andon College - Stockton,3/26/2000
992,Rozelle,Loddon,rloddonrj@arstechnica.com,Sheldon Jackson College,9/4/2020
993,Kent,Dougliss,kdouglissrk@imdb.com,Cyprus University of Technology,10/6/2008
994,Aldrich,Bengall,abengallrl@jugem.jp,Law University of Bratislava,2/11/2009
995,Artemus,Sallinger,asallingerrm@home.pl,Odense University,12/16/2000
996,Ronna,Ellul,rellulrn@va.gov,Barkatullah University,12/8/2010
997,Iseabal,Assad,iassadro@usa.gov,Sauder School of Business,7/28/2012
998,Rob,Davio,rdaviorp@newsvine.com,West Bengal University of Animal and Fishery Sciences,4/16/2000
999,Lev,Kliche,lklicherq@uol.com.br,Michigan State University,4/25/2019
1000,Cora,Mapples,cmapplesrr@ow.ly,California School of Professional Psychology - San Diego,9/26/2008
